Carimbo de data/hora,Caso tenha lido e esteja de acordo com o Termo de Consentimento Livre e Esclarecido desta pesquisa para dar continuidade na sua participação escolha a opção sim. Você pode acessá-lo aqui: link para o termo,Que atividade você desempenha no desenvolvimento de soluções de software?,"Com relação a senioridade, você se auto-avalia como uma pessoa desenvolvedora:",Você está  interagindo com seus colegas de trabalho de maneira remota?,Você é uma pessoa com deficiência visual ou auditiva?,"O que motivou sua entrada neste mercado de trabalho? Fique à vontade para comentar livremente, inclusive caso haja mais de um fator motivador.",Consigo ficar atualizado com as atividades que estão sendo executadas pelo meu time.,As ferramentas que são utilizadas para acompanhamento das atividades do meu time me permitem ter uma percepção completa de tudo que está acontecendo.,Seu time utiliza uma ou mais das seguintes ferramentas de gestão das atividades do projeto?,"Considerando o contexto de trabalho remoto, cite uma ou mais dificuldades que você enfrenta para estar atualizado das atividades que estão sendo conduzidas pelo seu time.","Considerando o contexto de trabalho remoto, cite uma ou mais dificuldades que você enfrenta para atualizar o seu time sobre as atividades que você desempenha no dia a dia.",Gostaria de expressar alguma outra dificuldade enfrentada ou ponto de apoio importante para o seu dia a dia dentro do seu contexto de trabalho?
2022/06/17 5:58:58 PM GMT-3,Sim,Sou uma pessoa desenvolvedora / programadora,Junior ou Iniciante,"Sim, estou trabalhando remotamente","Sim, deficiência visual","um hobby que se tornou profissao, hoje uso a tecnologia o tempo todo e entender todas as frentes tecnicamente me motiva a sempre me manter atualizado",5,5,Jira,atividades paralelas importantes por conta da comunicação remota.,procurar setores e pessoas especificas e informações especificas dentro do banco é uma dor,"acessos, e limitações na estação de trabalho. que limitam nossa criatividade em contornar problemas do dia a dia"
2022/06/18 10:28:59 AM GMT-3,Sim,UI/UX,Senior ou Experiente,"Sim, estou trabalhando remotamente","Sim, deficiência auditiva",Deixar produtos acessíveis para pessoas como eu.,4,5,Jira,Não há.,Não há.,Câmeras desligadas em reunião virtuais dificultam a compreensão de palavras pq muitas vezes eu me esforço para ler os lábios. Sou surdo parcial.
2022/06/18 2:01:12 PM GMT-3,Sim,Sou uma pessoa desenvolvedora / programadora,Junior ou Iniciante,"Sim, estou trabalhando remotamente","Sim, deficiência visual",Minha paixão pela tecnologia e o mercado aquecido.,5,5,Jira,"A acessibilidade da ferramenta usada pelo meu time não é boa, embora eu seja capaz de utilizar. A ferramenta me traz alguns contratempos, mas são contornáveis.","Basicamente a mesma resposta do ponto anterior: a usabilidade da ferramenta usada pelo meu time poderia ser melhor, mas não é algo que me bloqueie no dia a dia, normalmente.","Gostaria de ressaltar a importância do apoio do time em si, apesar das ferramentas ou métodos utilizados. Um time empático é ainda mais importante do que as ferramentas utilizadas. A conscientização do time é extremamente importante nesse contexto e a empresa onde trabalho trabalha fortemente nisso."
2022/06/19 1:16:08 AM GMT-3,Sim,Sou uma pessoa desenvolvedora / programadora,Junior ou Iniciante,"Sim, estou trabalhando remotamente","Sim, deficiência visual",os constantes desafios e aprendizados contínuo que a tecnologia propõe.,5,5,Microsoft Planner;Jira,"As maiores dificuldades que eu enfrento, é a falta de acessibilidade das ferramentas com leitor de tela.","Muitas vezes, a pouca acessibilidade das ferramentas com leitor de tela.",Não.
2022/06/19 9:24:15 AM GMT-3,Sim,Sou uma pessoa desenvolvedora / programadora,Senior ou Experiente,"Sim, estou trabalhando remotamente","Sim, deficiência auditiva",Acessibilidade e diversidade,3,4,Jira,Dificuldade de se desconectar,"Algumas pessoas têm dificuldade em se fazer claro por texto, enquanto outras acabam lembrando de passar alguma informação essencial apenas quando veem a pessoa no zoom ou chat.","É necessário um agendamento prévio para reuniões, porque se for pessoalmente tem possibilidade de reunir a equipe rapidamente."
2022/06/19 12:27:09 PM GMT-3,Sim,Sou uma pessoa desenvolvedora / programadora,Pleno,"Sim, estou trabalhando remotamente","Sim, deficiência visual","Gosto pela área, boas oportunidades",5,4,"Planilha eletrônica;Trello, monday, Mir, easyretro.como",Principalmente falta de acessibilidade em algumas ferramentas.,Falta de acessibilidade em algumas ferramentas,"Na organização em que estou a boa comunicação é muito forte, então toda a parte relacionada a pessoas flui muito bem. O grande desafio está na falta de acessibilidade em algumas ferramentas"
2022/06/19 2:44:17 PM GMT-3,Sim,Sou uma pessoa desenvolvedora / programadora,Senior ou Experiente,"Sim, estou trabalhando remotamente","Sim, deficiência visual",Gosto muito da área de tecnologia,5,5,Jira,"Na verdade, tinha dificuldades no trabalho presencial. Agora que é remoto, não existe mais quadros, papel, post-it etc.",No momento não tenho nenhuma dificuldade,Acredito que o trabalho remoto tirou mais o preconceito das pessoas.
2022/06/19 3:08:03 PM GMT-3,Sim,Sou analista em acessibilidade digital,Pleno,"Não, estou trabalhando presencialmente","Sim, deficiência visual","A necessidade de trabalhar pautas sobre inclusão, acessibilidade, diversidade e equidade no mundo do trabalho. Principalmente quando se trata de pessoas com deficiência.",5,4,Planilha eletrônica,Falta de autonomia na equipe; controle centralizado; gestão ineficiente.,Falta de liderança e de um trabalho mais colaborativo; Falta de treinamento quanto ao uso de ferramentas disponíveis na empresa.,Adoção de mentor ia seria bastante agregador ao meu trabalho.
2022/06/19 6:47:01 PM GMT-3,Sim,Sou analista de qualidade / testes,Pleno,"Sim, estou trabalhando remotamente",Não sou uma pessoa com deficiência,Falta de oportunidade na área de engenharia,4,4,Jira;Planilha eletrônica,Comunicação paralela no chat,Comunicação paralela no chat,Excesso de reuniões me cansa muito
2022/06/20 7:12:48 AM GMT-3,Sim,Sou uma pessoa desenvolvedora / programadora,Senior ou Experiente,"Sim, estou trabalhando remotamente","Sim, deficiência visual",Trabalho desde 1976 e o  motivador inicial foi o salario.,5,3,Planilha eletrônica;microsoft teams,acessibilidade no microsoft teams,acessibilidade no microsoft teams,acessibilidade de maneira geral
2022/06/20 7:36:07 AM GMT-3,Sim,Sou uma pessoa desenvolvedora / programadora,Junior ou Iniciante,"Não, estou trabalhando presencialmente","Sim, deficiência visual","O fato de eu gostar de raciocínio lógico, entender como as coisas funcionam e ser um mercado promissor na época.",5,4,"Nos projetos onde estou, quando trabalhamos remotamente, costumamos fazer reuniões de alinhamento e conversamos. Quando alguém utiliza alguma ferramenta visual, a pessoa ou alguém do time me explica o que está exposto ali.","No meu contexto atual, não encontro nenhuma.","Nenhuma no meu contexto atual, já que todos nós costumamos utilizar o Trello para atualizar nossas atividades.",Não.
2022/06/20 8:29:40 AM GMT-3,Sim,Sou uma pessoa desenvolvedora / programadora,Junior ou Iniciante,"Sim, estou trabalhando remotamente","Sim, deficiência visual","A curiosidade: Quando acessei a internet pela primeira vez, tive vontade de saber como uma página HTML funcionava, foi minha primeira motivação, depois que descobri o que havia por traz, decidi que queria saber mais, então continuei buscando mais informação, acabei amando conhecer, manipular, entender algo além daquilo que vemos no front end dos sites,.
Amor à primeira execução: quando li uma apostila de HTML e executei minha primeira página, me apaixonei, desde 2016 que sabia exatamente o que queria estar fazendo quando terminasse a escola e ... bem, aqui estou.
Todos os dias me sinto realizado quando aprendo e executo algum código novo, acho que a tecnologia, ainda mais fomentada  pela pandemia é um lugar grandioso para estarmos fazendo parte e isto me motiva/incentiva todos os dias à continuar fazendo o que amo.",5,5,Jira,Não cumprimento efetivo das normas WCAG do Jira dificulta meu acesso pleno às informações de andamento das atividades do time a qualquer horário.,Não vejo dificuldades para fazer isto.,"Um ponto de apoio que tenho é minha própria equipe, se eu não consigo fazer algo por inacessibilidade, basta levantar a mão que alguém está ali, seja pra atualizar o status de alguma atividade minha, criar uma nova tarefa ou mesmo fazer alguma coisa que não consigo. E isto independe da ferramenta usada, seja Microsoft Teams, e-mail, WhatsApp, tem sempre alguém pra apoiar."
2022/06/20 8:34:46 AM GMT-3,Sim,Sou uma pessoa desenvolvedora / programadora,Pleno,"Sim, estou trabalhando remotamente",Não sou uma pessoa com deficiência,Fit com a área; Bons salários; Muitas vagas,5,2,Jira,Muita informação é passada nas dailies e é frequente a necessidade de explicação nova para relembrar o que foi dito,"Especificamente pessoas da liderança, têm muita informação para processar e às vezes apenas deixar uma mensagem não é suficiente. Quando o assunto é urgente, precisa ser uma ligação",Não
2022/06/20 8:41:39 AM GMT-3,Sim,Sou analista de qualidade / testes,Junior ou Iniciante,"Sim, estou trabalhando remotamente",Não sou uma pessoa com deficiência,"Migração de carreira após 15 anos atuando no Controle de Qualidade de alimentos,  tive uma oportunidade de ingressar na  Tecnologia (Bootcamp) e me apaixonei pela área de Qualidade de Software.",5,5,Jira,Nenhuma,Nenhuma,Não
2022/06/20 9:00:56 AM GMT-3,Sim,Atualmente estou trabalhando em HTML na construção de um site para minha squad.,Junior ou Iniciante,"Sim, estou trabalhando remotamente","Sim, deficiência visual",Entrei nesse mercado de trabalho porque busco crescer na carreira tecnológica,1,2,"Jira;Mirro, orus","Fui contratada para trabalhar na área de tecnologia, porém meu time é 99% negócios, sendo utilizados termos e siglas os quais desconheço.",A área de tecnologia do meu time não costuma utilizar tecnologias que tenho conhecimento.,Sinto falta de um tec lead na squad e me sinto completamente por fora das atividades da equipe como um todo.
2022/06/20 9:06:10 AM GMT-3,Sim,Sou uma pessoa desenvolvedora / programadora,Pleno,"Sim, estou trabalhando remotamente",Não sou uma pessoa com deficiência,Empregabilidade alta e possibilidade de seguir na carreira mesmo ao avançar da idade.,4,3,Jira,Transparência da gestão em relação ao planejamento.,Interesse dos membros em participar das cerimônias.,"Falta de definição de rotinas e padrões a serem adotados pelos desenvolvedores, lançamos mão de code review por exemplo, mas é apenas feito, sem nenhum tipo de regra e avaliação de um profissional mais experiente."
2022/06/20 9:59:07 AM GMT-3,Sim,Sou uma pessoa desenvolvedora / programadora,Junior ou Iniciante,"Sim, estou trabalhando remotamente","Sim, deficiência visual",sempre gostei de tecnologia,4,2,Jira;Planilha eletrônica;gitlab,acessibilidade do jira,mesmo anterior,"geralmente, as pessoas decidem deixar o programador com deficiência de lado, sempre em último plano. isso deixa a gente as vezes parado"
2022/06/20 10:31:54 AM GMT-3,Sim,Sou uma pessoa desenvolvedora / programadora,Senior ou Experiente,"Sim, estou trabalhando remotamente",Não sou uma pessoa com deficiência,Facilidade com raciocínio lógico,5,5,Jira,Não vejo dificuldades além das que também podem ser percebidas em um ambiente presencial.,Não vejo dificuldades além das que também podem ser percebidas em um ambiente presencial.,Não
2022/06/20 1:50:42 PM GMT-3,Sim,Sou analista de qualidade / testes,Senior ou Experiente,"Sim, estou trabalhando remotamente","Sim, deficiência visual",Tecnologia é um campo onde podemos atuar com paridade diferente de outras áreas,1,5,Microsoft Planner;Jira;Azure boards;Planilha eletrônica,Não tenho dificuldades,Nenhuma dificuldades,Essa pergunta não deveria ser obrigatória
2022/06/20 5:33:32 PM GMT-3,Sim,Sou uma pessoa desenvolvedora / programadora,Junior ou Iniciante,"Sim, estou trabalhando remotamente","Sim, deficiência visual",Gostar bastante e ter aprendido a programar desde criança.,4,3,Jira,"Ter que sempre ficar criando meus próprios boards no Jira, pessoal usar ferramentas de REST como o Postman que não são acessíveis e eu ter que contornar usando scripts ou outras ferramentas.","O Jira teve uma curva de aprendizado no início, ter que aprender JQL para criar meus próprios boards para apresentar daily, e também colocar flag nas tasks foi uma coisa bem difícil no início porque o board não era muito fácil de usar.","Acho que uma dificuldade que as vezes tem é o pessoal colocar imagens, também eu não conseguir usar plenamente as mesmas ferramentas de REST que o pessoal usa, como por exemplo Postman, Insomnia até dá pra usar mas com perda de produtividade. A maioria dessas coisas consigo contornar pedindo ajuda de colegas pra descrever as imagens ou os bodys que eles usam para as collections, mas ainda assim acaba sendo um problema."
2022/06/20 6:22:42 PM GMT-3,Sim,Sou uma pessoa desenvolvedora / programadora,Junior ou Iniciante,"Sim, estou trabalhando remotamente","Sim, deficiência visual","Por ser uma profissão mais inclusiva em comparação com outras profissões. Além disso, ter a oportunidade de entrar em uma empresa que respeita a diversidade",4,3,Jira;Planilha eletrônica,A falta de acessibilidade em alguns pontos na plataforma do Jira,Não encontro problemas alé do Jira,não
2022/06/20 6:30:40 PM GMT-3,Sim,Sou analista de qualidade / testes,Senior ou Experiente,"Sim, estou trabalhando remotamente","Sim, deficiência visual","*A paixão pela tecnologia e o desenvolvimento de softwares acessíveis.
* A vontade de expandir a cultura de acessibilidade e de mostrar de verdade o que é qualidade de software",4,4,Planilha eletrônica;Trello,"As maiores dificuldades são em relação a acessibilidade das ferramentas utilizadas nas empresas, pois as mesmas não permitem muita autonomia","Eu atualizo meu time nas dailys, porém as ferramentas de gestão de defeitos não apresentam bons níveis de acessibilidade dificultando nesse sentido.","Pessoas com deficiência visual apresenta muitas barreiras, como por exemplo: inacessibilidade nas ferramentas de RH, Gestão, Holerites não acessiveis dentre outros."
2022/06/21 2:03:09 PM GMT-3,Sim,Sou uma pessoa desenvolvedora / programadora,Junior ou Iniciante,"Sim, estou trabalhando remotamente","Sim, deficiência auditiva","o que me motivou é que eu amo o meu trabalho, o desenvolvedor de software",5,5,Jira,Nenhum,"Daily, a legenda não traduz 100%, sempre tem falhas.",A plataforma ter que sair com legenda 100% tradução sem falhas.
2022/06/21 3:16:09 PM GMT-3,Sim,Sou uma pessoa desenvolvedora / programadora,Junior ou Iniciante,"Sim, estou trabalhando remotamente","Sim, deficiência auditiva",Sempre gostei  da área de TI,4,5,Jira,Falta  de aprender mais   mas em equipe,"Falta de comunicação,  mais ativo",No momento  nao
2022/06/21 3:54:58 PM GMT-3,Sim,Sou analista de qualidade / testes,Pleno,"Sim, estou trabalhando remotamente",Não sou uma pessoa com deficiência,Sou uma pessoa com deficiência física e pude ter a oportunidade de ajudar pessoas com o mesmo ou outros tipo de limitações a ter mais autonomia com o uso da web ou mobile,4,4,Jira;Planilha eletrônica,Ferramentas de gestão onde o leitor não verbaliza  o conteúdo,Atualizo o time através das dailys,"Bom, como par visual tenho dificuldade de ouvir o leitor de telas do meu parceiro na hora de executarmos os testes"
2022/06/21 7:47:10 PM GMT-3,Sim,Sou analista de qualidade / testes,Pleno,"Sim, estou trabalhando remotamente","Sim, deficiência visual","Minha motivação foi ter a oportunidade de, juntamente com os demais desenvolvedores, tornar sites e apps cada vez mais acessível para todos.",5,5,Jira,"Nessa área, ainda existem ferramentas que não tem muita acessibilidade como o Figma por Exemplo.","Não há dificuldade. Pois, com o diálogo, conseguimos os objetivos.",Não.
2022/06/21 9:31:19 PM GMT-3,Sim,Agilista,Senior ou Experiente,"Sim, estou trabalhando remotamente",Não sou uma pessoa com deficiência,Desafio de criar algo digital,5,4,Jira,Comunicação,Informação atualizada,Convivência com os colegas
2022/06/21 9:38:58 PM GMT-3,Sim,"Sou uma pessoa de produto (Product Owner, Product Manager, Business Analist, etc)",Senior ou Experiente,"Sim, estou trabalhando remotamente",Não sou uma pessoa com deficiência,"O interesse pela área de TI, o que me levou a área de projetos, depois afinidade e então produtos",4,4,Jira,"O presencial permite acompanhar e incentivar a comunicação direta entre os integrantes do time, no remoto isso é um pouco mais complicado. Muitas informações acabam não sendo colocaram no Jura.",Mesmo da anterior,Não
2022/06/21 10:24:58 PM GMT-3,Sim,agilista,Senior ou Experiente,"Sim, estou trabalhando remotamente",Não sou uma pessoa com deficiência,necessidade de recolcoacao falta de vagas em outros papeis,2,2,Jira;Planilha eletrônica,falta de contato fisico,poucos eventos de contato,nao
2022/06/22 3:52:22 PM GMT-3,Sim,Sou uma pessoa desenvolvedora / programadora,Pleno,"Sim, estou trabalhando remotamente","Sim, deficiência auditiva",Autonomia e liberdade de aprender diversas tecnologia,5,4,Jira,Nenhum,Comunicação,Não
2022/06/22 5:51:31 PM GMT-3,Sim,Sou uma pessoa desenvolvedora / programadora,Pleno,"Sim, estou trabalhando remotamente",Não sou uma pessoa com deficiência,"Não sei ao certo minha motivação, acredito que foi minha paixão por resolver problemas ligados a tecnologia",4,3,Jira,Tempo,Tempo,Não
2022/06/22 6:07:21 PM GMT-3,Sim,"Sou uma pessoa de produto (Product Owner, Product Manager, Business Analist, etc)",Senior ou Experiente,"Sim, estou trabalhando remotamente",Não sou uma pessoa com deficiência,Influência da minha mãe,5,4,Jira,Atividades inseridas sem estarem na sprint,Atividades inseridas sem estarem na sprint,Não
2022/06/22 6:08:45 PM GMT-3,Sim,Sou uma pessoa desenvolvedora / programadora,Senior ou Experiente,"Sim, estou trabalhando remotamente",Não sou uma pessoa com deficiência,Desde meu primeiro contato com a informática (era chamado assim antes de TI rs) já soube que aquilo era o que eu gostaria de fazer. Programo desde meus 16 anos e comecei com Clipper e atualmente as tecnologias e linguagens Java e Kotlin e cloud AWS,5,5,Jira;Planilha eletrônica,Criar laços com as pessoas,"o olhar no olho, algumas pessoas não gostar de abrir as câmeras em reuniões.",não
2022/06/22 6:23:48 PM GMT-3,Sim,Sou uma pessoa desenvolvedora / programadora,Senior ou Experiente,"Sim, estou trabalhando remotamente",Não sou uma pessoa com deficiência,"Destaco que sempre gostei problemas com lógica e matemáticos, mas não tinha noção real do que se tratava na época que escolhi fazer o vestibular. A medida que fui estudando e trabalhando fui me identificando.",4,4,Jira,Depender do colega para atualizar a ferramenta,"Nem todos tem essa cultura de ""se importar"" com o que o outro esta fazendo","As reuniões remotas inibem, em certo ponto, a interação entre os participantes de forma organiza, pois muitas vezes se torna um monologo porque nem todos conseguem fazer interrupções da forma que o presencial permitiria"
2022/06/22 6:33:37 PM GMT-3,Sim,Sou uma pessoa desenvolvedora / programadora,Pleno,"Sim, estou trabalhando remotamente",Não sou uma pessoa com deficiência,"É um mercado promissor, ainda em crescimento e com poucos profissionais qualificados; há bastante oportunidades",5,5,Jira;Planilha eletrônica,Algumas vezes temos um problema de comunicação e as ações do time não ficam claras na totalidade,"As vezes o contexto do meu trabalho é bastante técnico ou então depende de terceiros, dificultando a comunicação",O apoio para realização das tarefas nem sempre é constante.
2022/06/22 6:45:49 PM GMT-3,Sim,Techlead,Senior ou Experiente,"Sim, estou trabalhando remotamente",Não sou uma pessoa com deficiência,"No início não tinha visão do mercado, comecei a estudar por gostar de computadores e me apaixonei por algoritmo e programação.",5,5,Jira;Miro,Pessoas não comprometidas com o trabalho remoto que não comparecem às cerimônias.,Engajamento das pessoas para atualizar as tarefas no jira,
2022/06/22 7:00:46 PM GMT-3,Sim,Sou uma pessoa desenvolvedora / programadora,Pleno,"Sim, estou trabalhando remotamente",Não sou uma pessoa com deficiência,Oportunidade de crescimento de carreira,4,4,Jira;Planilha eletrônica,Ordem de prioridade de cada integrante,Disponibilidade da equipe em várias reuniões,Equalização das atualizações quando há envolvimento de outras equipes no mesmo produto
2022/06/22 7:11:03 PM GMT-3,Sim,UX,Senior ou Experiente,"Sim, estou trabalhando remotamente",Não sou uma pessoa com deficiência,O fato de poder trabalhar de onde quiser,5,5,Jira,Quando o colega esquece de atualizar o board,Nenhum,Nenhum
2022/06/22 7:20:51 PM GMT-3,Sim,Sou uma pessoa desenvolvedora / programadora,Senior ou Experiente,"Sim, estou trabalhando remotamente",Não sou uma pessoa com deficiência,"Gostar de tecnologia, a remuneração atrativa",5,4,GitLab,"O presencial retira parte da comunicação não verbal, então é necessário outros mecanismos para complementar a informação, e também para ""sentir"" o que o humor do colega de trabalho.",Como trabalho em projetos distintos cada time não sabe quais as atividades que estou atuando no outro.,A comunicação verbal via telefone (VoIP) considero que tem sido a forma mais eficaz de comunicação remota. O Board do GitLab integrado as branchs do repositório são um diferencial no acompanhamento da evolução dos projetos.
2022/06/22 7:33:04 PM GMT-3,Sim,Sou uma pessoa desenvolvedora / programadora,Senior ou Experiente,"Sim, estou trabalhando remotamente",Não sou uma pessoa com deficiência,Gostava de vídeo game e computador me chamou a atenção na época,4,4,Jira,Falta de Dash e de hábito de atualizar,Tirar duvida rápida falta se combinado ou clareza se devemos envolver todo time,Nao
2022/06/22 7:39:05 PM GMT-3,Sim,Sou uma pessoa desenvolvedora / programadora,Senior ou Experiente,"Sim, estou trabalhando remotamente",Não sou uma pessoa com deficiência,"Sempre gostei de construir coisas, e construir software era a opção mais confortável e com um amplo leque de vagas/oportunidades bem como tinha/tem um ótimo mercado profissional",5,5,"Jira;Planilha eletrônica;Suit Office da Microsoft, com SharePoint, OneDrive, etc...",Nenhuma. Diárias e planings resolvem esses problemas,Nenhuma. Diárias e planings resolvem esses problemas,"Quando preciso de uma pessoa específica, e ela não está disponível (Status 'não incomodar', ou ausente). Mas nada que não existisse também no ambiente físico"
2022/06/22 7:44:21 PM GMT-3,Sim,Sou uma pessoa desenvolvedora / programadora,Senior ou Experiente,"Sim, estou trabalhando remotamente",Não sou uma pessoa com deficiência,Meu amor por tecnologia.,4,4,Jira;Planilha eletrônica,Não ter contato mais direto e presencial para conversar,Não ter mais contato direto e pessoal para reuniões,Acho que o outro ponto importante seria suporte com problemas de máquina que ficam de difícil resolução em ambiente remoto.
2022/06/22 7:59:10 PM GMT-3,Sim,"Sou uma pessoa de produto (Product Owner, Product Manager, Business Analist, etc)",Pleno,"Sim, estou trabalhando remotamente",Não sou uma pessoa com deficiência,Foi necessidade da empresa. Como eu me identifiquei e gostei permaneci.,5,4,Microsoft Planner;Azure boards;Planilha eletrônica,Comunicação de forma integrada entre os times.  Dificuldade na implantação do uso da caixa de e-mail corporativo para evitar perda de informação.,Participação nas reuniões diárias e hábito de leitura de e-mails,Treinamento mais focado na realidade técnica remota
2022/06/22 8:16:40 PM GMT-3,Sim,Sou uma pessoa desenvolvedora / programadora,Junior ou Iniciante,"Sim, estou trabalhando remotamente",Não sou uma pessoa com deficiência,Melhor remuneração do que as bolsas de mestrado e doutorado.,5,5,Jira,Talvez um delay entre perguntas e respostas no canal de comunicação (teams) possa ser um empecilho. Contudo não me sinto desatualizado das atividades. Todas as atividades ficam trackeadas no jira com os detalhes necessários.,Novamente o delay entre perguntas e respostas no chat do teams,Não
2022/06/22 8:34:09 PM GMT-3,Sim,Sou uma pessoa desenvolvedora / programadora,Senior ou Experiente,"Sim, estou trabalhando remotamente",Não sou uma pessoa com deficiência,"Paixao por tecnologia, gostar de exatas e desmontar coisas",5,5,Jira,"As vezes algumas pessoas nao estao conectadas, demoram pra responder, em algumas das vezes nem respondem.","Muitas reuniões sem sentido, afetam o alinhamento.",Nao
2022/06/22 8:46:18 PM GMT-3,Sim,Sou uma pessoa desenvolvedora / programadora,Junior ou Iniciante,"Sim, estou trabalhando remotamente",Não sou uma pessoa com deficiência,"Sempre mexi muito com computador desde pequeno, e ai uma coisa levou a outra, acabei testando pra ver se gostava e de fato gostei, não teve nada de especial não kk",4,3,Jira,Não tenho muita dificuldade se tudo for bem documentado e planejado.,Não tenho muita dificuldade se tudo for bem documentado e planejado.,Não
2022/06/22 9:43:27 PM GMT-3,Sim,Sou uma pessoa desenvolvedora / programadora,Senior ou Experiente,"Sim, estou trabalhando remotamente",Não sou uma pessoa com deficiência,Por motivos financeiros,5,5,ALM,Falta de sincronia,Melhor tempo resposta,Não
2022/06/22 9:55:58 PM GMT-3,Sim,Sou uma pessoa desenvolvedora / programadora,Senior ou Experiente,"Sim, estou trabalhando remotamente",Não sou uma pessoa com deficiência,"Muitas oportunidades, área em expansão",4,4,Jira,"Informações que estão em outras squads, e não tem a comunicação correta entre as diferentes equipes , seja algo que foi atualizado ou uma regra de negócio não repassada para todos (problema que facilmente poderia acontecer também presencialmente","Comunicação assíncrona, nem sempre que você está disponível para falar a outra pessoa está disponível para ouvir",.
2022/06/22 10:13:43 PM GMT-3,Sim,Sou uma pessoa desenvolvedora / programadora,Pleno,"Sim, estou trabalhando remotamente",Não sou uma pessoa com deficiência,A mudança para o trabalho remoto foi motivada pela pandemia. Anteriormente eu trabalhava presencialmente.,5,4,Alm,Não identifiquei nenhuma dificuldade.,Não identifiquei nenhuma dificuldade,Não
2022/06/22 10:21:22 PM GMT-3,Sim,Sou uma pessoa desenvolvedora / programadora,Senior ou Experiente,"Sim, estou trabalhando remotamente",Não sou uma pessoa com deficiência,Afinidade com computador e jogos desde pequeno.,4,3,Jira;Planilha eletrônica;Confluence,Falta da absorção do conhecimento to time por ouvir o que as pessoas conversavam no presencial.,"Disponibilidade de agenda, no trabalho remoto as meetings tendem a ser mais longas.",Ferramentas de chat e vídeo chamadas são fundamentais.Uma dificuldade é a Resistência das pessoas em abrir as câmeras.
2022/06/22 11:06:17 PM GMT-3,Sim,Sou uma pessoa desenvolvedora / programadora,Junior ou Iniciante,"Sim, estou trabalhando remotamente",Não sou uma pessoa com deficiência,"Construir soluções que atendam as pessoas em diversas tarefas, sejam pessoais ou profissionais. Assim, também penso que as tecnologias da informação e comunicação devem fortalecer a inclusão sociais e digital de diversos usuários.",4,4,Azure boards,Às vezes preciso reabrir os cartões da tarefa e a falta de uma funcionalidade de tarefas abertas frequentemente geram um tempo maior gasto para encontrá-las.,"Às vezes o cartão não é encontrado facilmente pela IDE para indexar a tarefa ao commit, pois aparece todos os cartões em meu nome (inclusive os liberados). Então eu tenho que abrir o board para olhar o cartão exato para aquela determinada tarefa.",Não!
2022/06/23 4:58:33 AM GMT-3,Sim,Sou uma pessoa desenvolvedora / programadora,Senior ou Experiente,"Sim, estou trabalhando remotamente",Não sou uma pessoa com deficiência,"Gostava da área desde pequeno por que mexia bastante em computador e jogos, acabei aos poucos aprendendo e gostando de programar",5,4,Jira;Planilha eletrônica,Nenhuma,Nenhuma,Não
2022/06/23 9:52:28 AM GMT-3,Sim,Sou uma pessoa desenvolvedora / programadora,Senior ou Experiente,"Sim, estou trabalhando remotamente",Não sou uma pessoa com deficiência,Maiores oportunidades de emprego e salários melhores,4,2,Jira,Burocracia e dificuldade de acesso às ferramentas utilizadas pelo cliente.,"O Jira utilizado pelo cliente é terrivelmente configurado, e o cliente ainda não está ambientado com as metodologias ágeis.","Algumas ferramentas de comunicação e compartilhamento (como discord para comunicação ou google drive para compartilhamento) não foram homologadas pela empresa ou pelo cliente, dificultando estes dois pontos."
2022/06/23 8:46:36 PM GMT-3,Sim,Sou uma pessoa desenvolvedora / programadora,Junior ou Iniciante,"Sim, estou trabalhando remotamente","Sim, deficiência visual","A insatisfação com a falta de ferramentas que pudessem potencializar ou auxiliar meu rendimento na carreira anterior a qual estava. A forma como este campo de trabalho nos vê também foi uma motivação muito forte, definitivamente somos tratados como iguais, profissionais que somos, mas a cima disso, como pessoas.",5,3,Jira,"Basicamente são as ferramentas que não focam tanto na acessibilidade, ou que falta aprimorar elas. O intellij, por exemplo que é minha principal ferramenta de trabalho, por diversar vezes já me deixou na mão quando preciso mudar o sdk, essa tela para o leitor de telas não é acessível e isso reduz minha produtividade, pois preciso parar pra resolver algo que se fosse pensado com não me traria dores de cabeça.",O teans e o gmail na web são ótimos exemplos de falta de acessibilidade. Só conseguimos usar porque fazemos várias modificações (gambiarras) pra poder acompanhar.,"Bem, seria muito bom se desde o começo dos projetos, as empresas desenvolvedoras de aplicações, tanto para desenvolvedor, quanto para o usuário final prestassem mais atenção para a acessibilidade, que finalmente entendessem que somos pessoas e queremos ter acesso tal como qualquer outra a seus produtos,  que podemos pagar por eles, que acessibilidade não é um favor que nos fazem, é um direito e obrigação deles."
2022/06/24 9:54:57 AM GMT-3,Sim,Sou uma pessoa desenvolvedora / programadora,Junior ou Iniciante,"Sim, estou trabalhando remotamente","Sim, deficiência auditiva",Desafio de program Tech - crescimento diversidade - necessidade acessibilidade - reconhecendo aos poucos mais empatia como melhorou bastante do que antigamente,4,4,Jira,"Falha a legenda as vezes fico mal interpretada durante reunião, o ideal utilizar mais de um ferramenta com legenda para reserva opcional.","por meio compartilhamento, e reforçar a equipe de acordo com ttexto mais clareza a linguagem deve ser simples e preparar essa parte de comunicação mais resumida","Com o apoio mais importante toda comunicação gera uma responsabilidade em relaçao a pratica sobre videos, imagens, descrição de textos isso significam mais leve modalidade de vocabulário e evitar muitas voltas explicar, e prefira falar menos e não sentir vergonha para explicar a equipe ou gestor para conhecer a comunidade surda."
2022/06/24 9:57:47 AM GMT-3,Sim,Sou uma pessoa desenvolvedora / programadora,Junior ou Iniciante,"Sim, estou trabalhando remotamente","Sim, deficiência auditiva",Desafio de program Tech - crescimento diversidade - necessidade acessibilidade - reconhecendo aos poucos mais empatia como melhorou bastante do que antigamente,4,4,Jira,"Falha a legenda as vezes fico mal interpretada durante reunião, o ideal utilizar mais de um ferramenta com legenda para reserva opcional.","por meio compartilhamento, e reforçar a equipe de acordo com texto mais clareza a linguagem deve ser simples e preparar essa parte de comunicação mais resumida","Com o apoio mais importante toda comunicação gera uma responsabilidade em relaçao a pratica sobre videos, imagens, descrição de textos isso significam mais leve modalidade de vocabulário e evitar muitas voltas explicar, e prefira falar menos e não sentir vergonha para explicar a equipe ou gestor para conhecer a comunidade surda."
2022/06/24 11:42:56 AM GMT-3,Sim,Sou uma pessoa desenvolvedora / programadora,Junior ou Iniciante,"Sim, estou trabalhando remotamente","Sim, deficiência visual","Well, foi pela paixão pela área, e também por querer mudar o mundo partindo do eu, não dos outros.",3,3,Jira;Planilha eletrônica,"Bem, acho que o principal ponto aqui, é o novo. O novo do deficiente na equipe, o ter que se adaptar, e o se entregar a isso. Particularmente onde trabalho, o pessoal está sempre bem disposto a tentar, mas e quando não, ou o nem sempre também?","Bem, creio que o se colocar no lugar(empatia), é um quisito que deveria pesar mais aqui...","Para quem está iniciando pela primeira vez em uma empresa, acho que seria mais que ótimo ter um alguém com quem pudesse contar sempre. Isso é: Um alguém que te apoiaria, te direcionaria e ficasse com você no início até você poder caminhar com as pernas. As vezes/sempre, o novo pode ser bastante assustador"
2022/06/24 12:54:21 PM GMT-3,Sim,Sou uma pessoa desenvolvedora / programadora,Pleno,"Sim, estou trabalhando remotamente",Não sou uma pessoa com deficiência,"Fui professora de alunos Surdos, quanto a sua pesquisa e preciso difetenciar sujeito Surdo com a pessoa que posui alguma deficiência auditiva, sao termos distintos.",5,4,Planilha eletrônica,O tempo.,"Disponibilizar tempo com todos.
",A conexão sempre e um problema
2022/06/24 2:10:56 PM GMT-3,Sim,Sou uma pessoa desenvolvedora / programadora,Senior ou Experiente,"Sim, estou trabalhando remotamente",Não sou uma pessoa com deficiência,Paixao por tecnologia e resolver problemas complexos,4,4,Jira,Falha comunicação,Agendas concorrentes,Sem dúvida a comunicação é o que mais impacta.
2022/06/24 4:44:42 PM GMT-3,Sim,Sou analista de qualidade / testes,Junior ou Iniciante,"Sim, estou trabalhando remotamente","Sim, deficiência visual","Oportunidade de trabalho, desejo de contribuir para que todos tenha acesso a produtos/ serviços independente de limitações com total autonomia e por sempre gostar de tecnologia.",3,3,Jira,Demandas de acessibilidade nas plataformas.,mesma resposta da pergunta anterior,"uma das demandas de acessibilidade, se dar por muitas das vezes os sistemas não serem totalmente acessível a leitores de tela e teclado para pessoas com deficiência visual."
2022/06/25 7:04:17 AM GMT-3,Sim,Analista de SegInfo,Junior ou Iniciante,"Sim, estou trabalhando remotamente","Sim, deficiência auditiva",Entrei através de um programa PcD e me apaixonei pela área.,4,4,Planilha eletrônica;Trello,Reuniões excessivas,Quando se tem mais de 10 pessoas na reunião online,.
2022/06/25 8:03:37 AM GMT-3,Sim,Sou analista de qualidade / testes,Junior ou Iniciante,"Sim, estou trabalhando remotamente","Sim, deficiência auditiva","Transição de carreira de professora para analista. A carreira acadêmica não é mais valorizada, depois mais de 20 anos como professora resolvi mudar de área.",5,4,Jira,Preciso atualizar as novas palavras voltadas na área de TI. Mas é uma questão de tempo e estudos.,"Por enquanto nenhum, a squad é bem acolhedora e disposta em me ajudar no que se refere das minhas dificuldades.","Os cursos voltados para essa área de Ti deveria ter legenda, ou seja, não são todos que tem legenda. Obrigada!"
2022/06/28 2:34:07 PM GMT-3,Sim,Sou uma pessoa desenvolvedora / programadora,Pleno,"Sim, estou trabalhando remotamente","Sim, deficiência visual","Quando me formei como técnico em eletrônica, já estava me tornando cego. Daí decidi aprender a programar pois queria criar uma ferramenta acessível para se construir sites.",4,1,Jira,"Falta de acessibilidade nos softwares utilizados pela equipe. Em especial: Office 365, Outlook, Teams, Jura dentre outros. Interfaces com muitos controles não separam adequadamente os contextos. Problemas com navegação por teclado, controles inacessíveis via teclado, alteração confusa de contextos, teclas de atalho que não funcionam ou que funcionam erraticamente...",Por reunião resolvemos tudo.,"As interfaces poderiam ser mais simples, exibindo menos controles. Isso melhoraria consideravelmente a usabilidade para leitores de tela e teclado. Barras de menus, teclas de atalho, navegação consistente... Isso ajudaria muito."
2022/07/13 3:46:15 PM GMT-3,Sim,Sou pesquisadora,Pleno,"Não, estou trabalhando presencialmente",Não sou uma pessoa com deficiência,"Primeiro, como maneira ajudar na sua pesquisa, e preciso que vc diferencie e não rotule a deficiência com a pessoa Surda.",2,3,Planilha eletrônica,O tempo,Tempo para atividades,Ñ
2022/12/18 10:57:53 AM GMT-3,Sim,Sou uma pessoa desenvolvedora / programadora,Junior ou Iniciante,"Sim, estou trabalhando remotamente","Sim, deficiência visual",Paixão pela tecnologia,5,3,Jira,Falta de acessibilidade total nas ferramentas de gestão de projetos e de gestão de tarefas para o time,Falta de acessibilidade no uso de leitores de tela com a plataforma de gestão de tarefas,As ferramentas de gestão poderiam ser desenvolvidas já pensando que pessoas que usam tecnologias assistivo as podem estar usando o produto
2022/12/18 11:05:53 AM GMT-3,Sim,Sou uma pessoa desenvolvedora / programadora,Senior ou Experiente,"Sim, estou trabalhando remotamente","Sim, deficiência visual","Tive meu primeiro contato com computadores aos 9 anos de idade, após ganhar uma bolsa de estudos em um curso e me apaixonei pelas oportunidades que se abriram a minha frente como profissão",5,4,Microsoft Planner;Azure boards,Como atendemos chamados de clientes além de projetos as vezes algumas atiivdades são direcionadas a uma pessoa específica e só ficamos sabendo na reunião de alinhamento  na semana seguinte,O mesmo que a pergunta anterior,Não
2022/12/18 11:53:55 AM GMT-3,Sim,Sou uma pessoa desenvolvedora / programadora,Senior ou Experiente,"Não, estou trabalhando presencialmente",Não sou uma pessoa com deficiência,Afinidade com ciências exatas,4,4,Azure boards;Planilha eletrônica,"Falta de atualização das ferramentas pelos devs, falha na comunicação nas dailys, ausências sem explicação.",Muitas reuniões on-line ou a falta de planejamento das mesmas diminui o tempo pra atualizar o status das atividades,"O uso de ferramentas colaborativas ajuda muito. Contudo, com o trabalho 100% remoto diminuiu as relações sociais. Além disso, aumentou as distrações do trabalho a ser feito devido a conflito com outras questões como filhos e ambiente de trabalho inadequado para o pleno aproveitamento do home office."
2022/12/18 12:10:11 PM GMT-3,Sim,"Sou uma pessoa de produto (Product Owner, Product Manager, Business Analist, etc)",Junior ou Iniciante,"Sim, estou trabalhando remotamente",Não sou uma pessoa com deficiência,Experiência em projetos,5,3,Jira,"Nem sempre o time atualiza o quadro, necessário ficar reforçando. Na ferramenta que uso não tenho todas as visões que necessito para gerenciar o backlog, apenas performance.",Muitas coisas ocorrem no dia a dia do produto e projetos e nem sempre consigo contextualiza-lós  de tudo pois pode haver uma sobrecarga de contextos e também atrapalhar o foco do time de devs,Engajamento das equipes de forma remota
2022/12/18 1:32:08 PM GMT-3,Sim,Sou uma pessoa desenvolvedora / programadora,Senior ou Experiente,"Sim, estou trabalhando remotamente",Não sou uma pessoa com deficiência,Tecnologia e remuneração,5,5,Planilha eletrônica;Git Lab,"Acompanhar a evolução das tarefas; Quando o colaborador é compartilhado em mais de um projeto e não se tem a dedicação necessária ao sem principal projeto, as vezes nem sabemos qual é o projeto mais prioritário.","Sem dificuldades, Dailys ajudam no processo de comunicação. O que dificulta é a gestão e distribuição dos projetos que não consideram a ocupação e compartilhamentos do colaborador envolvido nas tarefas","Comunicação, ferramentas de mensagem instantânea ajudam muito."
2022/12/18 1:50:39 PM GMT-3,Sim,Sou uma pessoa desenvolvedora / programadora,Junior ou Iniciante,"Sim, estou trabalhando remotamente",Não sou uma pessoa com deficiência,"Desde criança sempre tive bastante interesse na área de tecnologia, entrar para este mercado foi algo natural para mim.",5,5,Jira,"Não enfrento nenhuma dificuldade, a ferramenta e os rituais utilizados pelo time são satisfatórios.","Também não enfrento nenhuma dificuldade neste sentido, a ferramenta e os rituais utilizados pelo time são satisfatórios.","A nossa figura de Tech Lead auxilia bastante na comunicação entre os integrantes do time. Além disso, os rituais dos times (dailys) ajudam bastante nesse processo também."
2022/12/18 2:09:52 PM GMT-3,Sim,Sou uma pessoa desenvolvedora / programadora,Senior ou Experiente,"Sim, estou trabalhando remotamente",Não sou uma pessoa com deficiência,Meu pai era desenvolvedor então tive contato com computadores desde criança. Sempre achei que fosse minha vocação.,3,3,Jira;GitHub e bots do Slack,O único momento em que sou atualizado é nas reuniões diárias. Então qualquer informação chega com um dia de atraso. A não ser que alguma atividade seja finalizada e atualizada nas ferramentas. Mas qualquer status intermediário não é comunicado.,As atualizações de status acontecem por slack ou Jira. Não percebo uma dificuldade nítida nisso. Talvez o fato de não receber um feedback imediato.,"Uma grande dificuldade é não saber o quão disponível uma pessoa está. Por exemplo, no escritório você olha pra tela da pessoa e sabe se ela está ocupada e se é um momento oportuno ou não pra chegar do lado e fazer uma pergunta rápida. 
Outra é não conseguir perceber o clima do projeto. No escritório existe muita informação no ambiente como quem está em reunião com quem, quem está falando com quem. Isso dá visibilidade do andamento do projeto, das decisões e tarefas que seus colegas estão trabalhando naquele período entre reuniões diárias. 
E por último eu sinto falta de interações do tipo: 
Dev A se levanta pra pegar um café e passa do lado da baía do dev B. 
Dev B: “cara, tu sabes se a API tal tem um endpoint pra tal?” 
Dev A: “não tem, mas pra que tu precisar de um endpoint pra isso?”
Dev B: “porque eu tô tentando fazer tal coisa”
Dev A: “não, mas não é pra fazer tal coisa”
E aí eles descobrem que eles estavam desenvolvendo algo errado, ou o entendimento do problema não estava claro."
2022/12/18 2:41:16 PM GMT-3,Sim,Sou uma pessoa desenvolvedora / programadora,Junior ou Iniciante,"Sim, estou trabalhando remotamente",Não sou uma pessoa com deficiência,queria sair da parte de Infra,5,5,Jira;daily,"depende apenas do seu interesse, se vc estiver interessado no que todo mundo esta fazendo vc ficará informado.",como temos as daily's e acesso aos jiras a única dificuldade é se por ventura a pessoa não estiver on no momento que vc precisa dela,com as reuniões diárias consigo ficar a par de toda a parte de desenvolvimento da equipe.
2022/12/18 3:22:33 PM GMT-3,Sim,Sou uma pessoa desenvolvedora / programadora,Junior ou Iniciante,"Sim, estou trabalhando remotamente",Não sou uma pessoa com deficiência,"Sou mãe de um bebe e tb sempre gostei de tecnologia, além disso, por ser mãe de uma criança ainda muito pequena, sabia que seria dificil conseguir retornar ao mercado de trabalho, pela discriminação que as mães sofrem. Além disso, não estava trabalhando e em situação de vulnerabilidade de renda (recebia auxílio emergencial) devido a um relacionamento abusivo do ponto de vista patrimonial, que eu me encontrava à época. Conseguir entrar para a área de tecnologia era a possibilidade de eu ver meu filho crescer mais de perto, sair da situaçâo de vulnerabilidade de renda que eu estava e ainda por cima, trabalhar com o que eu gostava. Entrei pra um proograma na época, chamado Descodificadas, que oferecia formação gratuita em programação para mulheres, de qq idade, lugar, etc. Ter entrado nesse programa, me abriu os olhos pra processos seletivos de empresas da área, e eu me candidatei pro processo seletivo da Zup, o Estrelas Fora da Caixa, para pessoas em situação de vulnerabilidade social, passei por diversas etapas, concorri com 1400 pessoas, e consegui uma das 25 vagas oferecidas. E hj estou trabalhando na Zup como dev backend jr.",2,2,Jira,"Muitos grupos no teams, cards no jira sem quase nada escrito, falta de documentação suficiente e um pouco de falta de atenção do time técnico com a minha condiçâo de júnior que acabou de chegar na squad, como ter que votar cards que eu não conheço as histórias, o refinamento vindo depois.","Não existem quase, a dificuldade é mais qd fico sem conexão ou com algum problema de acesso no computador. Pq temos daily, grupos no teams e no whatsapp, de forma que fica tranquilo passar status de atividades.","Aqui no RJ é muito quente e algumas vezes o calor extremo me atrapalha e acho que o auxilio home office é insuficiente para cobrir os gastos de energia durante o trabalho. No entanto, ja trabalhei de coworking e o barulho do falatório das pessoas, a falta de um segundo monitor, como eu tenho em casa, e a possibilidade de tomar um banho depois do almoço e deitar um pouco pra descansar a coluna, compensam a conta alta de energia, sendo o trabalho em home office MUITO melhor, mesmo com algumas dificuldades."
2022/12/18 5:48:54 PM GMT-3,Sim,Sou uma pessoa desenvolvedora / programadora,Senior ou Experiente,"Sim, estou trabalhando remotamente",Não sou uma pessoa com deficiência,Familiaridade com programação desde a adolescência.,4,3,Azure boards,Nenhuma,Nenhuma,Nenhuma
2022/12/18 10:53:23 PM GMT-3,Sim,Sou analista de qualidade / testes,Junior ou Iniciante,"Sim, estou trabalhando remotamente","Sim, deficiência visual",Trabalhar com a questão da acessibilidade digital,5,5,Microsoft Planner;Jira,Nenhuma,Consigo atuar com tranquilidade,Eu não tenho nenhuma Não
2022/12/19 1:07:16 AM GMT-3,Sim,Sou uma pessoa desenvolvedora / programadora,Junior ou Iniciante,"Não, estou trabalhando presencialmente",Não sou uma pessoa com deficiência,"Era isso ou suporte, livrame-me deus da infra.",3,2,Planilha eletrônica;Outros,"Os mais velhos não sabem usar a tecnologia remota em seu potencial, dificultando tirar duvida com os senior",Dificultade em efetivar a aceitação de automação de um processo da empresa,Não
2022/12/19 6:33:33 AM GMT-3,Sim,Professor de programação,Senior ou Experiente,"Não, estou trabalhando presencialmente",Não sou uma pessoa com deficiência,"Desafios, perfil e realização pessoal",4,4,Planilha eletrônica;Software de gestão,Heterogeneidade das soluções,Fuso horário,Não
2022/12/19 6:41:52 AM GMT-3,Sim,Sou usuario,Junior ou Iniciante,"Não, estou trabalhando presencialmente",Não sou uma pessoa com deficiência,Aumentar meu conhecimento e poder competir no mercado,2,2,Planilha eletrônica,Falta que material mais apropriado,O nível de interesse,Que deveria ter um coordenador na equipe
2022/12/19 7:11:33 AM GMT-3,Sim,"Sou uma pessoa de produto (Product Owner, Product Manager, Business Analist, etc)",Senior ou Experiente,"Sim, estou trabalhando remotamente",Não sou uma pessoa com deficiência,Fiz em 2000 uma transição de carreira de telecom para TI e fim mudando meu foco de lá para cá.,5,5,Microsoft Planner;Planilha eletrônica,Excesso de reunião,Não tenho esse problema,"Estamos majoritariamente distribuídos em três estados SP, RJ e MG"
2022/12/19 8:33:43 AM GMT-3,Sim,Sou uma pessoa desenvolvedora / programadora,Pleno,"Sim, estou trabalhando remotamente",Não sou uma pessoa com deficiência,"O tempo que eu perdi em transporte durante toda a minha vida, via que estava perdendo 2-4h todos os dias em um ônibus fretado da que onde trabalhava anteriormente.",3,3,Microsoft Planner;Jira;Planilha eletrônica,"É preciso que haja comunicação constante, contudo minha área tem muita demanda técnica/execução, e isso por aí só tira o tempo das pessoas, tempo esse que geralmente usaríamos para interagirmos e atualizarmos a todos.","Sem dúvidas, a falta de tempo é uma delas. Acabo tendo que reportar tudo via texto/foto nas ferramentas de task management. Dessa forma, preciso escrever um texto perfeito e sem possibilidades de confusão ou segundos sentidos. Isso as vezes é ruim pois sempre há uma interpretação errada do que estou escrevendo, coisa que não aconteceria caso eu estivesse falando e ouvindo o feedback em tempo real, numa conversa normal.","Acredito que um ponto importante é a realização das reuniões periódicas, no formato da famosa ""daily"", pois elas por si só geralmente conseguem nos deixar 40-70% atualizados."
2022/12/19 9:09:26 AM GMT-3,Sim,Sou uma pessoa desenvolvedora / programadora,Junior ou Iniciante,"Sim, estou trabalhando remotamente","Sim, deficiência visual",Gosto da área,4,3,Jira,a acessibilidade das ferramentas não é tão boa mas   da pra fazer,as reuniões já são suficientes,Não
2022/12/19 2:26:32 PM GMT-3,Sim,Sou uma pessoa desenvolvedora / programadora,Senior ou Experiente,"Sim, estou trabalhando remotamente","Sim, deficiência visual",Interesse pessoal e vocacional,5,4,Redmine,Não sinto dificuldade em relação a isso,Não sinto dificuldade em relação a isso,Não sinto qualquer outra dificuldade
2022/12/19 5:16:54 PM GMT-3,Sim,Advisory,Senior ou Experiente,"Sim, estou trabalhando remotamente",Não sou uma pessoa com deficiência,Oportunidade de desenvolvimento pessoal e profissional,5,4,Planilha eletrônica,Disciplina das pessoas,Agendas que conflitam com a do cliente,Nao
2022/12/19 6:38:28 PM GMT-3,Sim,Gerente de contas,Senior ou Experiente,"Sim, estou trabalhando remotamente","Sim, deficiência auditiva",Uma área em crescimento e por identificação com a área de tecnologia,5,5,Planilha eletrônica,Excesso de informações,Retorno e/ou demora de outras pessoas sobre determinados pontos de projetos,Não
2022/12/20 10:44:22 AM GMT-3,Sim,Sou uma pessoa desenvolvedora / programadora,Junior ou Iniciante,"Sim, estou trabalhando remotamente","Sim, deficiência auditiva",Curiosidade sobre a área,4,3,Jira,legendas coerentes,legendas coerentes,"call muita extensa e foco na legenda, deixam eu com enxaqueca"
2022/12/20 10:55:28 AM GMT-3,Sim,Sou uma pessoa desenvolvedora / programadora,Junior ou Iniciante,"Sim, estou trabalhando remotamente","Sim, deficiência visual",Aptidão,5,5,Azure boards,Uso eventual ou desinformado de interface de pouca ou nenhuma acessibilidade,A proficiência adequada em inglês que se exige em um devteam,Ferramentas em código aberto com alguma acessibilidade se multiplicam e a integração de soluções tem se tornado uma boa área profissional
2022/12/20 11:08:57 AM GMT-3,Sim,Sou uma pessoa de informação e processos (arquiteta de processos e informação).,Pleno,"Sim, estou trabalhando remotamente","Sim, deficiência visual","Sempre fui bem próxima da tecnologia, mais especificamente do software livre. Quando surgiu uma oportunidade remota e remunerada para trabalhar com software livre, eu me candidatei e fui selecionada. Trabalho na tecnologia desde então.",5,5,"GitLab, Etherpad, Zulip",Temos uma dificuldade para estabelecer um ponto de verdade na nossa documentação. Estamos trabalhando nisso construindo uma cultura de documentação e consolidando funcionalidades no nosso sistema.,N/A,N/A
2022/12/20 11:56:43 AM GMT-3,Sim,Sou uma pessoa desenvolvedora / programadora,Pleno,"Sim, estou trabalhando remotamente","Sim, deficiência auditiva",Gosto muito da lógica de programação,4,4,gitlab,"reuniões longas e inefetivas, que demandam muita atenção e acabam cansando.",não tenho dificuldade para atualizar o time,não
2022/12/20 2:54:50 PM GMT-3,Sim,Sou uma pessoa desenvolvedora / programadora,Junior ou Iniciante,"Sim, estou trabalhando remotamente","Sim, deficiência visual",Minha paixão por tecnologia e a vontade de tornar a web um ambiente mais acessível a todos.,5,4,Microsoft Planner;Jira;Planilha eletrônica,Uma ou outra ferramenta/plataforma interna que não possui plenos recursos de acessibilidade.,Não tenho dificuldades nesse quesito.,Não. Única dificuldade é a que citei anteriormente.
2022/12/20 3:10:22 PM GMT-3,Sim,Sou uma pessoa desenvolvedora / programadora,Pleno,"Sim, estou trabalhando remotamente","Sim, deficiência visual","Afinidade pela área (sempre gostei de problemas de lógica e matemática), curiosidade (eu queria entender como os programas funcionam e não apenas usá-los), oportunidades e acessibilidade (posso trabalhar em qualquer empresa sem sair de casa, apenas no meu quarto, com meu computador, então me sinto muito seguro e autônomo). Além disso, eu uso tecnologias assistivas (leitor e ampliador de tela), então eu pretendo desenvolver tecnologias que também ajudem outras pessoas, dando-lhes mais oportunidades e condições de superar suas barreiras.",5,4,Planilha eletrônica;Ferramentas desenvolvidas internamente,"Sinto que levo mais tempo que os outros pra me situar nas ferramentas de gerenciamento, pra definir todos os filtros corretos. Também tenho dificuldade com os resumos, pois muitos deles são feitos de forma gráfica","Eu gasto um pouco mais de tempo pra encontrar o item correspondente às minhas atividades pra atualizar o status, mas nada que eu não consiga fazer, só demoro um pouco a mais","Meus colegas de trabalho são muito solícitos, muitas vezes eles mesmos atualizam o quadro de atividades pra mim pra que eu não gaste tanto tempo procurando. As conversas ajudam muito, pois sou deficiente visual, então é mais fácil só falar e ouvir do que acompanhar uma ferramenta.
Algumas planilhas são bem complexas, cheias de abas e ocupando vários espaços diferentes da folha, eu demoro bastante pra me localizar. Não fico impedido, mas uma pessoa sem deficiência visual opera a planilha bem mais rápido que eu"
2022/12/20 4:15:08 PM GMT-3,Sim,Sou uma pessoa desenvolvedora / programadora,Junior ou Iniciante,"Sim, estou trabalhando remotamente","Sim, deficiência visual","Sou advogado por formação e aos 48 anos resolvi dar uma guinada na carreira, iniciei outra faculdade e atualmente trabalho em uma multinacional e estou muito feliz.",5,5,Planilha eletrônica;Trello,"Nenhuma, conversamos diariamente e todos estão alinhados.","Nenhuma, temos o canal da companhia para nos mantermos em constante comunicação.","Entendo que o HomeOffice é questão de adaptabilidade e de senso de pertencimento, ou seja, trabalhar em uma equipe que se comunica constantemente e preocupa com você, faz toda a diferença."
2022/12/20 4:59:15 PM GMT-3,Sim,Sou uma pessoa desenvolvedora / programadora,Junior ou Iniciante,"Sim, estou trabalhando remotamente","Sim, deficiência visual",Sou apaixonado por tecnologia.,5,5,Rally,Sem dificuldades.,Sem dificuldades.,não.
2022/12/21 8:15:04 AM GMT-3,Sim,Analista de Requisitos,Senior ou Experiente,"Não, estou trabalhando presencialmente",Não sou uma pessoa com deficiência,"As possibilidades de atuação, pois podemos atuar em vários nichos devido nossa linha de atuação ser transversal a outras, pois desenvolvemos soluções para todos as demais áreas.",4,3,Redmine,"Nem todas as pessoas evidenciam nas ferramentas de acompanhamento as atividades que estão trabalhando e o status, isso dificulta a visão real de andamento das demandas.","Alguns integrantes da equipe não coloboram, em estar presentes nas reuniões remotas, pois preferem atuar nas reuniões presenciais.",Somente as mencionadas anteriormente.
2022/12/21 9:08:13 AM GMT-3,Sim,Scrum Master,Pleno,"Sim, estou trabalhando remotamente",Não sou uma pessoa com deficiência,A possibilidade de trabalhar remotamente,4,4,"Jira;Planilha eletrônica;Confluenfe, bitbucket, trello, discord",A disponibilidade do time para reuniões em um mesmo horário,"A dificuldade se dá por diferentes horários de trabalho dos membros do time, as Atualizações são feitas via JIRA, mas o membro do time nem sempre consegue ver imediatamente pois pode não estar em seu horário de trabalho.","No tranalho remoto a principal dificuldade enfrentada é conciliação de agendas, pois os membros do time trabalham em diferentes horarios )fugindo do padrão tradicional adotado no mercado presencial"
2022/12/21 9:31:59 AM GMT-3,Sim,Sou analista de qualidade / testes,Pleno,"Sim, estou trabalhando remotamente","Sim, deficiência visual","O que mais me motivou entrar na ária da tecnologia, foi encontrar recursos para suprir minhas necessidades visuais como parar um ônibus, identificar cores, se a luz está acesa ou apagada, contar gotas de remédio etc.
Percebi que a tecnologia proporcionava a minha inclusão em todos os meios, mas sabia que iria enfrentar grandes barreiras pela falta de acessibilidade, isso adicionou mais combustível para eu mergulhar em soluções e concientizações.",3,3,ShortCut,"O que me limita a ficar antenado são as ferramentas como Jira, ShortCut, trello e figma não serem acessíveis suficiente para dar independência e autonomia.",As dificuldades eu ter que usar planilhas sendo que o time utilizam ferramentas apropriadas.,"As comunicações serem 80% visuais, sendo transmitidas por imagens ou cores."
2022/12/21 2:21:24 PM GMT-3,Sim,Dev e QA,Pleno,"Sim, estou trabalhando remotamente","Sim, deficiência visual",Desde criança gosto de computaçäo,4,3,Jira;Planilha eletrônica,"O jira nao e kuito intuitivo e nao tem modo escuro, o que no meu Caso nao ajuda muito",Jesse Caso nao vejo nenuuma,Textos Mal redigidos
2022/12/22 8:49:27 AM GMT-3,Sim,agile coach,Senior ou Experiente,"Sim, estou trabalhando remotamente","Sim, deficiência visual",paixão por tornar a vida das pessoas mais sustentável enquanto seres humanos e ao mesmo tempo contribuir para os negócios,5,3,Jira;miro,"o miro não é acessivel e muito conteúdo fica lá como em discovery, retrospectivas e outras tarefas de melhoria contínua que normalmente nam ficam no board principal do time de delivery","usar canais e equipes no teams, utilizar o miro como leitor e facilitador, adicionar tarefas de melhoria continua no jira, acompanhar graficos de desempenho no jira como burndown e outros (plugin do nav para kanban resolve o problema). Acompanhar metricas de produtos para priorização dentro da mesma ferramenta que o backlog do produto. muitas reuniões para sincronizar time de desenvolvimento e outras áreas.",em algumas facilitações o pessoal usa outras ferramentas não acessiveis como kahoot e outras ferramentas de gamification ou reunião onse os membros precisam ficar próximos para conversar ou afastar para não ouvirem conversas.
2022/12/22 9:30:08 AM GMT-3,Sim,Sou uma pessoa desenvolvedora / programadora,Pleno,"Sim, estou trabalhando remotamente","Sim, deficiência visual",Sempre gostei de computação.,4,4,Jira,Muita informação em muito pouco tempo. Reuniões uma atrás da outra.,Vergonha e insegurança.,Cansaço. Reuniões seguidas sem pausa acabam cansando mais e demandando mais esforço.
2022/12/22 2:23:52 PM GMT-3,Sim,Sou analista de qualidade / testes,Junior ou Iniciante,"Sim, estou trabalhando remotamente",Não sou uma pessoa com deficiência,O salário e comodidade,3,3,Jira;Notion,"As pessoas muitas das vezes não ajudam, outras que estão começando.",Falta de empatia,Resiliência
2022/12/23 11:00:55 AM GMT-3,Sim,Sou uma pessoa desenvolvedora / programadora,Senior ou Experiente,"Sim, estou trabalhando remotamente",Não sou uma pessoa com deficiência,"questão salarial, desafios e pelo fato de gostar de tecnologia e matemática",4,3,Jira;Azure boards;Planilha eletrônica,atualização e visualização de informações,dificuldade de manter todos conectados,trabalhar com ferramentas diferentes dispersa a atenção do time
2022/12/23 12:24:53 PM GMT-3,Sim,Sou uma pessoa desenvolvedora / programadora,Pleno,"Sim, estou trabalhando remotamente","Sim, deficiência auditiva",Sempre gostei de trabalhar com programação,4,4,Planilha eletrônica,"Falta de comunicação, excesso de conteúdo em vídeo sem legenda",Sem dificuldades,não.
2022/12/24 7:53:12 PM GMT-3,Sim,Sou uma pessoa desenvolvedora / programadora,Junior ou Iniciante,"Sim, estou trabalhando remotamente",Não sou uma pessoa com deficiência,Mercado de trabalho e afinidade com a área,1,1,Jira,até o momento não senti dificuldades,até o momento não senti dificuldades,não