Carimbo de data/hora,Caso tenha lido e esteja de acordo com o Termo de Consentimento Livre e Esclarecido desta pesquisa para dar continuidade na sua participação escolha a opção sim. Você pode acessá-lo aqui: link para o termo,Que atividade você desempenha no desenvolvimento de soluções de software?,"Com relação a senioridade, você se auto-avalia como uma pessoa desenvolvedora:",Você está  interagindo com seus colegas de trabalho de maneira remota?,Você é uma pessoa com deficiência visual ou auditiva?,Consigo ficar atualizado com as atividades que estão sendo executadas pelo meu time.,As ferramentas que são utilizadas para acompanhamento das atividades do meu time me permitem ter uma percepção completa de tudo que está acontecendo.,Seu time utiliza uma ou mais das seguintes ferramentas de gestão das atividades do projeto?,"Considerando o contexto de trabalho remoto, cite uma ou mais dificuldades que você enfrenta para estar atualizado das atividades que estão sendo conduzidas pelo seu time.","Considerando o contexto de trabalho remoto, cite uma ou mais dificuldades que você enfrenta para atualizar o seu time sobre as atividades que você desempenha no dia a dia.",Gostaria de expressar alguma outra dificuldade enfrentada ou ponto de apoio importante para o seu dia a dia dentro do seu contexto de trabalho?
2022/06/17 5:58:58 PM GMT-3,Sim,Sou uma pessoa desenvolvedora / programadora,Junior ou Iniciante,"Sim, estou trabalhando remotamente","Sim, deficiência visual",5,5,Jira,atividades paralelas importantes por conta da comunicação remota.,procurar setores e pessoas especificas e informações especificas dentro do banco é uma dor,"acessos, e limitações na estação de trabalho. que limitam nossa criatividade em contornar problemas do dia a dia"
2022/06/18 10:28:59 AM GMT-3,Sim,UI/UX,Senior ou Experiente,"Sim, estou trabalhando remotamente","Sim, deficiência auditiva",4,5,Jira,Não há.,Não há.,Câmeras desligadas em reunião virtuais dificultam a compreensão de palavras pq muitas vezes eu me esforço para ler os lábios. Sou surdo parcial.
2022/06/18 2:01:12 PM GMT-3,Sim,Sou uma pessoa desenvolvedora / programadora,Junior ou Iniciante,"Sim, estou trabalhando remotamente","Sim, deficiência visual",5,5,Jira,"A acessibilidade da ferramenta usada pelo meu time não é boa, embora eu seja capaz de utilizar. A ferramenta me traz alguns contratempos, mas são contornáveis.","Basicamente a mesma resposta do ponto anterior: a usabilidade da ferramenta usada pelo meu time poderia ser melhor, mas não é algo que me bloqueie no dia a dia, normalmente.","Gostaria de ressaltar a importância do apoio do time em si, apesar das ferramentas ou métodos utilizados. Um time empático é ainda mais importante do que as ferramentas utilizadas. A conscientização do time é extremamente importante nesse contexto e a empresa onde trabalho trabalha fortemente nisso."
2022/06/19 1:16:08 AM GMT-3,Sim,Sou uma pessoa desenvolvedora / programadora,Junior ou Iniciante,"Sim, estou trabalhando remotamente","Sim, deficiência visual",5,5,Microsoft Planner;Jira,"As maiores dificuldades que eu enfrento, é a falta de acessibilidade das ferramentas com leitor de tela.","Muitas vezes, a pouca acessibilidade das ferramentas com leitor de tela.",Não.
2022/06/19 9:24:15 AM GMT-3,Sim,Sou uma pessoa desenvolvedora / programadora,Senior ou Experiente,"Sim, estou trabalhando remotamente","Sim, deficiência auditiva",3,4,Jira,Dificuldade de se desconectar,"Algumas pessoas têm dificuldade em se fazer claro por texto, enquanto outras acabam lembrando de passar alguma informação essencial apenas quando veem a pessoa no zoom ou chat.","É necessário um agendamento prévio para reuniões, porque se for pessoalmente tem possibilidade de reunir a equipe rapidamente."
2022/06/19 12:27:09 PM GMT-3,Sim,Sou uma pessoa desenvolvedora / programadora,Pleno,"Sim, estou trabalhando remotamente","Sim, deficiência visual",5,4,"Planilha eletrônica;Trello, monday, Mir, easyretro.como",Principalmente falta de acessibilidade em algumas ferramentas.,Falta de acessibilidade em algumas ferramentas,"Na organização em que estou a boa comunicação é muito forte, então toda a parte relacionada a pessoas flui muito bem. O grande desafio está na falta de acessibilidade em algumas ferramentas"
2022/06/19 2:44:17 PM GMT-3,Sim,Sou uma pessoa desenvolvedora / programadora,Senior ou Experiente,"Sim, estou trabalhando remotamente","Sim, deficiência visual",5,5,Jira,"Na verdade, tinha dificuldades no trabalho presencial. Agora que é remoto, não existe mais quadros, papel, post-it etc.",No momento não tenho nenhuma dificuldade,Acredito que o trabalho remoto tirou mais o preconceito das pessoas.
2022/06/19 6:47:01 PM GMT-3,Sim,Sou analista de qualidade / testes,Pleno,"Sim, estou trabalhando remotamente",Não sou uma pessoa com deficiência,4,4,Jira;Planilha eletrônica,Comunicação paralela no chat,Comunicação paralela no chat,Excesso de reuniões me cansa muito
2022/06/20 7:12:48 AM GMT-3,Sim,Sou uma pessoa desenvolvedora / programadora,Senior ou Experiente,"Sim, estou trabalhando remotamente","Sim, deficiência visual",5,3,Planilha eletrônica;microsoft teams,acessibilidade no microsoft teams,acessibilidade no microsoft teams,acessibilidade de maneira geral
2022/06/20 8:29:40 AM GMT-3,Sim,Sou uma pessoa desenvolvedora / programadora,Junior ou Iniciante,"Sim, estou trabalhando remotamente","Sim, deficiência visual",5,5,Jira,Não cumprimento efetivo das normas WCAG do Jira dificulta meu acesso pleno às informações de andamento das atividades do time a qualquer horário.,Não vejo dificuldades para fazer isto.,"Um ponto de apoio que tenho é minha própria equipe, se eu não consigo fazer algo por inacessibilidade, basta levantar a mão que alguém está ali, seja pra atualizar o status de alguma atividade minha, criar uma nova tarefa ou mesmo fazer alguma coisa que não consigo. E isto independe da ferramenta usada, seja Microsoft Teams, e-mail, WhatsApp, tem sempre alguém pra apoiar."
2022/06/20 8:34:46 AM GMT-3,Sim,Sou uma pessoa desenvolvedora / programadora,Pleno,"Sim, estou trabalhando remotamente",Não sou uma pessoa com deficiência,5,2,Jira,Muita informação é passada nas dailies e é frequente a necessidade de explicação nova para relembrar o que foi dito,"Especificamente pessoas da liderança, têm muita informação para processar e às vezes apenas deixar uma mensagem não é suficiente. Quando o assunto é urgente, precisa ser uma ligação",Não
2022/06/20 8:41:39 AM GMT-3,Sim,Sou analista de qualidade / testes,Junior ou Iniciante,"Sim, estou trabalhando remotamente",Não sou uma pessoa com deficiência,5,5,Jira,Nenhuma,Nenhuma,Não
2022/06/20 9:00:56 AM GMT-3,Sim,Atualmente estou trabalhando em HTML na construção de um site para minha squad.,Junior ou Iniciante,"Sim, estou trabalhando remotamente","Sim, deficiência visual",1,2,"Jira;Mirro, orus","Fui contratada para trabalhar na área de tecnologia, porém meu time é 99% negócios, sendo utilizados termos e siglas os quais desconheço.",A área de tecnologia do meu time não costuma utilizar tecnologias que tenho conhecimento.,Sinto falta de um tec lead na squad e me sinto completamente por fora das atividades da equipe como um todo.
2022/06/20 9:06:10 AM GMT-3,Sim,Sou uma pessoa desenvolvedora / programadora,Pleno,"Sim, estou trabalhando remotamente",Não sou uma pessoa com deficiência,4,3,Jira,Transparência da gestão em relação ao planejamento.,Interesse dos membros em participar das cerimônias.,"Falta de definição de rotinas e padrões a serem adotados pelos desenvolvedores, lançamos mão de code review por exemplo, mas é apenas feito, sem nenhum tipo de regra e avaliação de um profissional mais experiente."
2022/06/20 9:59:07 AM GMT-3,Sim,Sou uma pessoa desenvolvedora / programadora,Junior ou Iniciante,"Sim, estou trabalhando remotamente","Sim, deficiência visual",4,2,Jira;Planilha eletrônica;gitlab,acessibilidade do jira,mesmo anterior,"geralmente, as pessoas decidem deixar o programador com deficiência de lado, sempre em último plano. isso deixa a gente as vezes parado"
2022/06/20 10:31:54 AM GMT-3,Sim,Sou uma pessoa desenvolvedora / programadora,Senior ou Experiente,"Sim, estou trabalhando remotamente",Não sou uma pessoa com deficiência,5,5,Jira,Não vejo dificuldades além das que também podem ser percebidas em um ambiente presencial.,Não vejo dificuldades além das que também podem ser percebidas em um ambiente presencial.,Não
2022/06/20 1:50:42 PM GMT-3,Sim,Sou analista de qualidade / testes,Senior ou Experiente,"Sim, estou trabalhando remotamente","Sim, deficiência visual",1,5,Microsoft Planner;Jira;Azure boards;Planilha eletrônica,Não tenho dificuldades,Nenhuma dificuldades,Essa pergunta não deveria ser obrigatória
2022/06/20 5:33:32 PM GMT-3,Sim,Sou uma pessoa desenvolvedora / programadora,Junior ou Iniciante,"Sim, estou trabalhando remotamente","Sim, deficiência visual",4,3,Jira,"Ter que sempre ficar criando meus próprios boards no Jira, pessoal usar ferramentas de REST como o Postman que não são acessíveis e eu ter que contornar usando scripts ou outras ferramentas.","O Jira teve uma curva de aprendizado no início, ter que aprender JQL para criar meus próprios boards para apresentar daily, e também colocar flag nas tasks foi uma coisa bem difícil no início porque o board não era muito fácil de usar.","Acho que uma dificuldade que as vezes tem é o pessoal colocar imagens, também eu não conseguir usar plenamente as mesmas ferramentas de REST que o pessoal usa, como por exemplo Postman, Insomnia até dá pra usar mas com perda de produtividade. A maioria dessas coisas consigo contornar pedindo ajuda de colegas pra descrever as imagens ou os bodys que eles usam para as collections, mas ainda assim acaba sendo um problema."
2022/06/20 6:22:42 PM GMT-3,Sim,Sou uma pessoa desenvolvedora / programadora,Junior ou Iniciante,"Sim, estou trabalhando remotamente","Sim, deficiência visual",4,3,Jira;Planilha eletrônica,A falta de acessibilidade em alguns pontos na plataforma do Jira,Não encontro problemas alé do Jira,não
2022/06/20 6:30:40 PM GMT-3,Sim,Sou analista de qualidade / testes,Senior ou Experiente,"Sim, estou trabalhando remotamente","Sim, deficiência visual",4,4,Planilha eletrônica;Trello,"As maiores dificuldades são em relação a acessibilidade das ferramentas utilizadas nas empresas, pois as mesmas não permitem muita autonomia","Eu atualizo meu time nas dailys, porém as ferramentas de gestão de defeitos não apresentam bons níveis de acessibilidade dificultando nesse sentido.","Pessoas com deficiência visual apresenta muitas barreiras, como por exemplo: inacessibilidade nas ferramentas de RH, Gestão, Holerites não acessiveis dentre outros."
2022/06/21 2:03:09 PM GMT-3,Sim,Sou uma pessoa desenvolvedora / programadora,Junior ou Iniciante,"Sim, estou trabalhando remotamente","Sim, deficiência auditiva",5,5,Jira,Nenhum,"Daily, a legenda não traduz 100%, sempre tem falhas.",A plataforma ter que sair com legenda 100% tradução sem falhas.
2022/06/21 3:16:09 PM GMT-3,Sim,Sou uma pessoa desenvolvedora / programadora,Junior ou Iniciante,"Sim, estou trabalhando remotamente","Sim, deficiência auditiva",4,5,Jira,Falta  de aprender mais   mas em equipe,"Falta de comunicação,  mais ativo",No momento  nao
2022/06/21 3:54:58 PM GMT-3,Sim,Sou analista de qualidade / testes,Pleno,"Sim, estou trabalhando remotamente",Não sou uma pessoa com deficiência,4,4,Jira;Planilha eletrônica,Ferramentas de gestão onde o leitor não verbaliza  o conteúdo,Atualizo o time através das dailys,"Bom, como par visual tenho dificuldade de ouvir o leitor de telas do meu parceiro na hora de executarmos os testes"
2022/06/21 7:47:10 PM GMT-3,Sim,Sou analista de qualidade / testes,Pleno,"Sim, estou trabalhando remotamente","Sim, deficiência visual",5,5,Jira,"Nessa área, ainda existem ferramentas que não tem muita acessibilidade como o Figma por Exemplo.","Não há dificuldade. Pois, com o diálogo, conseguimos os objetivos.",Não.
2022/06/21 9:31:19 PM GMT-3,Sim,Agilista,Senior ou Experiente,"Sim, estou trabalhando remotamente",Não sou uma pessoa com deficiência,5,4,Jira,Comunicação,Informação atualizada,Convivência com os colegas
2022/06/21 9:38:58 PM GMT-3,Sim,"Sou uma pessoa de produto (Product Owner, Product Manager, Business Analist, etc)",Senior ou Experiente,"Sim, estou trabalhando remotamente",Não sou uma pessoa com deficiência,4,4,Jira,"O presencial permite acompanhar e incentivar a comunicação direta entre os integrantes do time, no remoto isso é um pouco mais complicado. Muitas informações acabam não sendo colocaram no Jura.",Mesmo da anterior,Não
2022/06/21 10:24:58 PM GMT-3,Sim,agilista,Senior ou Experiente,"Sim, estou trabalhando remotamente",Não sou uma pessoa com deficiência,2,2,Jira;Planilha eletrônica,falta de contato fisico,poucos eventos de contato,nao
2022/06/22 3:52:22 PM GMT-3,Sim,Sou uma pessoa desenvolvedora / programadora,Pleno,"Sim, estou trabalhando remotamente","Sim, deficiência auditiva",5,4,Jira,Nenhum,Comunicação,Não
2022/06/22 5:51:31 PM GMT-3,Sim,Sou uma pessoa desenvolvedora / programadora,Pleno,"Sim, estou trabalhando remotamente",Não sou uma pessoa com deficiência,4,3,Jira,Tempo,Tempo,Não
2022/06/22 6:07:21 PM GMT-3,Sim,"Sou uma pessoa de produto (Product Owner, Product Manager, Business Analist, etc)",Senior ou Experiente,"Sim, estou trabalhando remotamente",Não sou uma pessoa com deficiência,5,4,Jira,Atividades inseridas sem estarem na sprint,Atividades inseridas sem estarem na sprint,Não
2022/06/22 6:08:45 PM GMT-3,Sim,Sou uma pessoa desenvolvedora / programadora,Senior ou Experiente,"Sim, estou trabalhando remotamente",Não sou uma pessoa com deficiência,5,5,Jira;Planilha eletrônica,Criar laços com as pessoas,"o olhar no olho, algumas pessoas não gostar de abrir as câmeras em reuniões.",não
2022/06/22 6:23:48 PM GMT-3,Sim,Sou uma pessoa desenvolvedora / programadora,Senior ou Experiente,"Sim, estou trabalhando remotamente",Não sou uma pessoa com deficiência,4,4,Jira,Depender do colega para atualizar a ferramenta,"Nem todos tem essa cultura de ""se importar"" com o que o outro esta fazendo","As reuniões remotas inibem, em certo ponto, a interação entre os participantes de forma organiza, pois muitas vezes se torna um monologo porque nem todos conseguem fazer interrupções da forma que o presencial permitiria"
2022/06/22 6:33:37 PM GMT-3,Sim,Sou uma pessoa desenvolvedora / programadora,Pleno,"Sim, estou trabalhando remotamente",Não sou uma pessoa com deficiência,5,5,Jira;Planilha eletrônica,Algumas vezes temos um problema de comunicação e as ações do time não ficam claras na totalidade,"As vezes o contexto do meu trabalho é bastante técnico ou então depende de terceiros, dificultando a comunicação",O apoio para realização das tarefas nem sempre é constante.
2022/06/22 6:45:49 PM GMT-3,Sim,Techlead,Senior ou Experiente,"Sim, estou trabalhando remotamente",Não sou uma pessoa com deficiência,5,5,Jira;Miro,Pessoas não comprometidas com o trabalho remoto que não comparecem às cerimônias.,Engajamento das pessoas para atualizar as tarefas no jira,
2022/06/22 7:00:46 PM GMT-3,Sim,Sou uma pessoa desenvolvedora / programadora,Pleno,"Sim, estou trabalhando remotamente",Não sou uma pessoa com deficiência,4,4,Jira;Planilha eletrônica,Ordem de prioridade de cada integrante,Disponibilidade da equipe em várias reuniões,Equalização das atualizações quando há envolvimento de outras equipes no mesmo produto
2022/06/22 7:11:03 PM GMT-3,Sim,UX,Senior ou Experiente,"Sim, estou trabalhando remotamente",Não sou uma pessoa com deficiência,5,5,Jira,Quando o colega esquece de atualizar o board,Nenhum,Nenhum
2022/06/22 7:20:51 PM GMT-3,Sim,Sou uma pessoa desenvolvedora / programadora,Senior ou Experiente,"Sim, estou trabalhando remotamente",Não sou uma pessoa com deficiência,5,4,GitLab,"O presencial retira parte da comunicação não verbal, então é necessário outros mecanismos para complementar a informação, e também para ""sentir"" o que o humor do colega de trabalho.",Como trabalho em projetos distintos cada time não sabe quais as atividades que estou atuando no outro.,A comunicação verbal via telefone (VoIP) considero que tem sido a forma mais eficaz de comunicação remota. O Board do GitLab integrado as branchs do repositório são um diferencial no acompanhamento da evolução dos projetos.
2022/06/22 7:33:04 PM GMT-3,Sim,Sou uma pessoa desenvolvedora / programadora,Senior ou Experiente,"Sim, estou trabalhando remotamente",Não sou uma pessoa com deficiência,4,4,Jira,Falta de Dash e de hábito de atualizar,Tirar duvida rápida falta se combinado ou clareza se devemos envolver todo time,Nao
2022/06/22 7:39:05 PM GMT-3,Sim,Sou uma pessoa desenvolvedora / programadora,Senior ou Experiente,"Sim, estou trabalhando remotamente",Não sou uma pessoa com deficiência,5,5,"Jira;Planilha eletrônica;Suit Office da Microsoft, com SharePoint, OneDrive, etc...",Nenhuma. Diárias e planings resolvem esses problemas,Nenhuma. Diárias e planings resolvem esses problemas,"Quando preciso de uma pessoa específica, e ela não está disponível (Status 'não incomodar', ou ausente). Mas nada que não existisse também no ambiente físico"
2022/06/22 7:44:21 PM GMT-3,Sim,Sou uma pessoa desenvolvedora / programadora,Senior ou Experiente,"Sim, estou trabalhando remotamente",Não sou uma pessoa com deficiência,4,4,Jira;Planilha eletrônica,Não ter contato mais direto e presencial para conversar,Não ter mais contato direto e pessoal para reuniões,Acho que o outro ponto importante seria suporte com problemas de máquina que ficam de difícil resolução em ambiente remoto.
2022/06/22 7:59:10 PM GMT-3,Sim,"Sou uma pessoa de produto (Product Owner, Product Manager, Business Analist, etc)",Pleno,"Sim, estou trabalhando remotamente",Não sou uma pessoa com deficiência,5,4,Microsoft Planner;Azure boards;Planilha eletrônica,Comunicação de forma integrada entre os times.  Dificuldade na implantação do uso da caixa de e-mail corporativo para evitar perda de informação.,Participação nas reuniões diárias e hábito de leitura de e-mails,Treinamento mais focado na realidade técnica remota
2022/06/22 8:16:40 PM GMT-3,Sim,Sou uma pessoa desenvolvedora / programadora,Junior ou Iniciante,"Sim, estou trabalhando remotamente",Não sou uma pessoa com deficiência,5,5,Jira,Talvez um delay entre perguntas e respostas no canal de comunicação (teams) possa ser um empecilho. Contudo não me sinto desatualizado das atividades. Todas as atividades ficam trackeadas no jira com os detalhes necessários.,Novamente o delay entre perguntas e respostas no chat do teams,Não
2022/06/22 8:34:09 PM GMT-3,Sim,Sou uma pessoa desenvolvedora / programadora,Senior ou Experiente,"Sim, estou trabalhando remotamente",Não sou uma pessoa com deficiência,5,5,Jira,"As vezes algumas pessoas nao estao conectadas, demoram pra responder, em algumas das vezes nem respondem.","Muitas reuniões sem sentido, afetam o alinhamento.",Nao
2022/06/22 8:46:18 PM GMT-3,Sim,Sou uma pessoa desenvolvedora / programadora,Junior ou Iniciante,"Sim, estou trabalhando remotamente",Não sou uma pessoa com deficiência,4,3,Jira,Não tenho muita dificuldade se tudo for bem documentado e planejado.,Não tenho muita dificuldade se tudo for bem documentado e planejado.,Não
2022/06/22 9:43:27 PM GMT-3,Sim,Sou uma pessoa desenvolvedora / programadora,Senior ou Experiente,"Sim, estou trabalhando remotamente",Não sou uma pessoa com deficiência,5,5,ALM,Falta de sincronia,Melhor tempo resposta,Não
2022/06/22 9:55:58 PM GMT-3,Sim,Sou uma pessoa desenvolvedora / programadora,Senior ou Experiente,"Sim, estou trabalhando remotamente",Não sou uma pessoa com deficiência,4,4,Jira,"Informações que estão em outras squads, e não tem a comunicação correta entre as diferentes equipes , seja algo que foi atualizado ou uma regra de negócio não repassada para todos (problema que facilmente poderia acontecer também presencialmente","Comunicação assíncrona, nem sempre que você está disponível para falar a outra pessoa está disponível para ouvir",.
2022/06/22 10:13:43 PM GMT-3,Sim,Sou uma pessoa desenvolvedora / programadora,Pleno,"Sim, estou trabalhando remotamente",Não sou uma pessoa com deficiência,5,4,Alm,Não identifiquei nenhuma dificuldade.,Não identifiquei nenhuma dificuldade,Não
2022/06/22 10:21:22 PM GMT-3,Sim,Sou uma pessoa desenvolvedora / programadora,Senior ou Experiente,"Sim, estou trabalhando remotamente",Não sou uma pessoa com deficiência,4,3,Jira;Planilha eletrônica;Confluence,Falta da absorção do conhecimento to time por ouvir o que as pessoas conversavam no presencial.,"Disponibilidade de agenda, no trabalho remoto as meetings tendem a ser mais longas.",Ferramentas de chat e vídeo chamadas são fundamentais.Uma dificuldade é a Resistência das pessoas em abrir as câmeras.
2022/06/22 11:06:17 PM GMT-3,Sim,Sou uma pessoa desenvolvedora / programadora,Junior ou Iniciante,"Sim, estou trabalhando remotamente",Não sou uma pessoa com deficiência,4,4,Azure boards,Às vezes preciso reabrir os cartões da tarefa e a falta de uma funcionalidade de tarefas abertas frequentemente geram um tempo maior gasto para encontrá-las.,"Às vezes o cartão não é encontrado facilmente pela IDE para indexar a tarefa ao commit, pois aparece todos os cartões em meu nome (inclusive os liberados). Então eu tenho que abrir o board para olhar o cartão exato para aquela determinada tarefa.",Não!
2022/06/23 4:58:33 AM GMT-3,Sim,Sou uma pessoa desenvolvedora / programadora,Senior ou Experiente,"Sim, estou trabalhando remotamente",Não sou uma pessoa com deficiência,5,4,Jira;Planilha eletrônica,Nenhuma,Nenhuma,Não
2022/06/23 9:52:28 AM GMT-3,Sim,Sou uma pessoa desenvolvedora / programadora,Senior ou Experiente,"Sim, estou trabalhando remotamente",Não sou uma pessoa com deficiência,4,2,Jira,Burocracia e dificuldade de acesso às ferramentas utilizadas pelo cliente.,"O Jira utilizado pelo cliente é terrivelmente configurado, e o cliente ainda não está ambientado com as metodologias ágeis.","Algumas ferramentas de comunicação e compartilhamento (como discord para comunicação ou google drive para compartilhamento) não foram homologadas pela empresa ou pelo cliente, dificultando estes dois pontos."
2022/06/23 8:46:36 PM GMT-3,Sim,Sou uma pessoa desenvolvedora / programadora,Junior ou Iniciante,"Sim, estou trabalhando remotamente","Sim, deficiência visual",5,3,Jira,"Basicamente são as ferramentas que não focam tanto na acessibilidade, ou que falta aprimorar elas. O intellij, por exemplo que é minha principal ferramenta de trabalho, por diversar vezes já me deixou na mão quando preciso mudar o sdk, essa tela para o leitor de telas não é acessível e isso reduz minha produtividade, pois preciso parar pra resolver algo que se fosse pensado com não me traria dores de cabeça.",O teans e o gmail na web são ótimos exemplos de falta de acessibilidade. Só conseguimos usar porque fazemos várias modificações (gambiarras) pra poder acompanhar.,"Bem, seria muito bom se desde o começo dos projetos, as empresas desenvolvedoras de aplicações, tanto para desenvolvedor, quanto para o usuário final prestassem mais atenção para a acessibilidade, que finalmente entendessem que somos pessoas e queremos ter acesso tal como qualquer outra a seus produtos,  que podemos pagar por eles, que acessibilidade não é um favor que nos fazem, é um direito e obrigação deles."
2022/06/24 9:54:57 AM GMT-3,Sim,Sou uma pessoa desenvolvedora / programadora,Junior ou Iniciante,"Sim, estou trabalhando remotamente","Sim, deficiência auditiva",4,4,Jira,"Falha a legenda as vezes fico mal interpretada durante reunião, o ideal utilizar mais de um ferramenta com legenda para reserva opcional.","por meio compartilhamento, e reforçar a equipe de acordo com ttexto mais clareza a linguagem deve ser simples e preparar essa parte de comunicação mais resumida","Com o apoio mais importante toda comunicação gera uma responsabilidade em relaçao a pratica sobre videos, imagens, descrição de textos isso significam mais leve modalidade de vocabulário e evitar muitas voltas explicar, e prefira falar menos e não sentir vergonha para explicar a equipe ou gestor para conhecer a comunidade surda."
2022/06/24 11:42:56 AM GMT-3,Sim,Sou uma pessoa desenvolvedora / programadora,Junior ou Iniciante,"Sim, estou trabalhando remotamente","Sim, deficiência visual",3,3,Jira;Planilha eletrônica,"Bem, acho que o principal ponto aqui, é o novo. O novo do deficiente na equipe, o ter que se adaptar, e o se entregar a isso. Particularmente onde trabalho, o pessoal está sempre bem disposto a tentar, mas e quando não, ou o nem sempre também?","Bem, creio que o se colocar no lugar(empatia), é um quisito que deveria pesar mais aqui...","Para quem está iniciando pela primeira vez em uma empresa, acho que seria mais que ótimo ter um alguém com quem pudesse contar sempre. Isso é: Um alguém que te apoiaria, te direcionaria e ficasse com você no início até você poder caminhar com as pernas. As vezes/sempre, o novo pode ser bastante assustador"
2022/06/24 12:54:21 PM GMT-3,Sim,Sou uma pessoa desenvolvedora / programadora,Pleno,"Sim, estou trabalhando remotamente",Não sou uma pessoa com deficiência,5,4,Planilha eletrônica,O tempo.,"Disponibilizar tempo com todos.
",A conexão sempre e um problema
2022/06/24 2:10:56 PM GMT-3,Sim,Sou uma pessoa desenvolvedora / programadora,Senior ou Experiente,"Sim, estou trabalhando remotamente",Não sou uma pessoa com deficiência,4,4,Jira,Falha comunicação,Agendas concorrentes,Sem dúvida a comunicação é o que mais impacta.
2022/06/24 4:44:42 PM GMT-3,Sim,Sou analista de qualidade / testes,Junior ou Iniciante,"Sim, estou trabalhando remotamente","Sim, deficiência visual",3,3,Jira,Demandas de acessibilidade nas plataformas.,mesma resposta da pergunta anterior,"uma das demandas de acessibilidade, se dar por muitas das vezes os sistemas não serem totalmente acessível a leitores de tela e teclado para pessoas com deficiência visual."
2022/06/25 7:04:17 AM GMT-3,Sim,Analista de SegInfo,Junior ou Iniciante,"Sim, estou trabalhando remotamente","Sim, deficiência auditiva",4,4,Planilha eletrônica;Trello,Reuniões excessivas,Quando se tem mais de 10 pessoas na reunião online,.
2022/06/25 8:03:37 AM GMT-3,Sim,Sou analista de qualidade / testes,Junior ou Iniciante,"Sim, estou trabalhando remotamente","Sim, deficiência auditiva",5,4,Jira,Preciso atualizar as novas palavras voltadas na área de TI. Mas é uma questão de tempo e estudos.,"Por enquanto nenhum, a squad é bem acolhedora e disposta em me ajudar no que se refere das minhas dificuldades.","Os cursos voltados para essa área de Ti deveria ter legenda, ou seja, não são todos que tem legenda. Obrigada!"
2022/06/28 2:34:07 PM GMT-3,Sim,Sou uma pessoa desenvolvedora / programadora,Pleno,"Sim, estou trabalhando remotamente","Sim, deficiência visual",4,1,Jira,"Falta de acessibilidade nos softwares utilizados pela equipe. Em especial: Office 365, Outlook, Teams, Jura dentre outros. Interfaces com muitos controles não separam adequadamente os contextos. Problemas com navegação por teclado, controles inacessíveis via teclado, alteração confusa de contextos, teclas de atalho que não funcionam ou que funcionam erraticamente...",Por reunião resolvemos tudo.,"As interfaces poderiam ser mais simples, exibindo menos controles. Isso melhoraria consideravelmente a usabilidade para leitores de tela e teclado. Barras de menus, teclas de atalho, navegação consistente... Isso ajudaria muito."
2022/12/18 10:57:53 AM GMT-3,Sim,Sou uma pessoa desenvolvedora / programadora,Junior ou Iniciante,"Sim, estou trabalhando remotamente","Sim, deficiência visual",5,3,Jira,Falta de acessibilidade total nas ferramentas de gestão de projetos e de gestão de tarefas para o time,Falta de acessibilidade no uso de leitores de tela com a plataforma de gestão de tarefas,As ferramentas de gestão poderiam ser desenvolvidas já pensando que pessoas que usam tecnologias assistivo as podem estar usando o produto
2022/12/18 11:05:53 AM GMT-3,Sim,Sou uma pessoa desenvolvedora / programadora,Senior ou Experiente,"Sim, estou trabalhando remotamente","Sim, deficiência visual",5,4,Microsoft Planner;Azure boards,Como atendemos chamados de clientes além de projetos as vezes algumas atiivdades são direcionadas a uma pessoa específica e só ficamos sabendo na reunião de alinhamento  na semana seguinte,O mesmo que a pergunta anterior,Não
2022/12/18 12:10:11 PM GMT-3,Sim,"Sou uma pessoa de produto (Product Owner, Product Manager, Business Analist, etc)",Junior ou Iniciante,"Sim, estou trabalhando remotamente",Não sou uma pessoa com deficiência,5,3,Jira,"Nem sempre o time atualiza o quadro, necessário ficar reforçando. Na ferramenta que uso não tenho todas as visões que necessito para gerenciar o backlog, apenas performance.",Muitas coisas ocorrem no dia a dia do produto e projetos e nem sempre consigo contextualiza-lós  de tudo pois pode haver uma sobrecarga de contextos e também atrapalhar o foco do time de devs,Engajamento das equipes de forma remota
2022/12/18 1:32:08 PM GMT-3,Sim,Sou uma pessoa desenvolvedora / programadora,Senior ou Experiente,"Sim, estou trabalhando remotamente",Não sou uma pessoa com deficiência,5,5,Planilha eletrônica;Git Lab,"Acompanhar a evolução das tarefas; Quando o colaborador é compartilhado em mais de um projeto e não se tem a dedicação necessária ao sem principal projeto, as vezes nem sabemos qual é o projeto mais prioritário.","Sem dificuldades, Dailys ajudam no processo de comunicação. O que dificulta é a gestão e distribuição dos projetos que não consideram a ocupação e compartilhamentos do colaborador envolvido nas tarefas","Comunicação, ferramentas de mensagem instantânea ajudam muito."
2022/12/18 1:50:39 PM GMT-3,Sim,Sou uma pessoa desenvolvedora / programadora,Junior ou Iniciante,"Sim, estou trabalhando remotamente",Não sou uma pessoa com deficiência,5,5,Jira,"Não enfrento nenhuma dificuldade, a ferramenta e os rituais utilizados pelo time são satisfatórios.","Também não enfrento nenhuma dificuldade neste sentido, a ferramenta e os rituais utilizados pelo time são satisfatórios.","A nossa figura de Tech Lead auxilia bastante na comunicação entre os integrantes do time. Além disso, os rituais dos times (dailys) ajudam bastante nesse processo também."
2022/12/18 2:09:52 PM GMT-3,Sim,Sou uma pessoa desenvolvedora / programadora,Senior ou Experiente,"Sim, estou trabalhando remotamente",Não sou uma pessoa com deficiência,3,3,Jira;GitHub e bots do Slack,O único momento em que sou atualizado é nas reuniões diárias. Então qualquer informação chega com um dia de atraso. A não ser que alguma atividade seja finalizada e atualizada nas ferramentas. Mas qualquer status intermediário não é comunicado.,As atualizações de status acontecem por slack ou Jira. Não percebo uma dificuldade nítida nisso. Talvez o fato de não receber um feedback imediato.,"Uma grande dificuldade é não saber o quão disponível uma pessoa está. Por exemplo, no escritório você olha pra tela da pessoa e sabe se ela está ocupada e se é um momento oportuno ou não pra chegar do lado e fazer uma pergunta rápida. 
Outra é não conseguir perceber o clima do projeto. No escritório existe muita informação no ambiente como quem está em reunião com quem, quem está falando com quem. Isso dá visibilidade do andamento do projeto, das decisões e tarefas que seus colegas estão trabalhando naquele período entre reuniões diárias. 
E por último eu sinto falta de interações do tipo: 
Dev A se levanta pra pegar um café e passa do lado da baía do dev B. 
Dev B: “cara, tu sabes se a API tal tem um endpoint pra tal?” 
Dev A: “não tem, mas pra que tu precisar de um endpoint pra isso?”
Dev B: “porque eu tô tentando fazer tal coisa”
Dev A: “não, mas não é pra fazer tal coisa”
E aí eles descobrem que eles estavam desenvolvendo algo errado, ou o entendimento do problema não estava claro."
2022/12/18 2:41:16 PM GMT-3,Sim,Sou uma pessoa desenvolvedora / programadora,Junior ou Iniciante,"Sim, estou trabalhando remotamente",Não sou uma pessoa com deficiência,5,5,Jira;daily,"depende apenas do seu interesse, se vc estiver interessado no que todo mundo esta fazendo vc ficará informado.",como temos as daily's e acesso aos jiras a única dificuldade é se por ventura a pessoa não estiver on no momento que vc precisa dela,com as reuniões diárias consigo ficar a par de toda a parte de desenvolvimento da equipe.
2022/12/18 3:22:33 PM GMT-3,Sim,Sou uma pessoa desenvolvedora / programadora,Junior ou Iniciante,"Sim, estou trabalhando remotamente",Não sou uma pessoa com deficiência,2,2,Jira,"Muitos grupos no teams, cards no jira sem quase nada escrito, falta de documentação suficiente e um pouco de falta de atenção do time técnico com a minha condiçâo de júnior que acabou de chegar na squad, como ter que votar cards que eu não conheço as histórias, o refinamento vindo depois.","Não existem quase, a dificuldade é mais qd fico sem conexão ou com algum problema de acesso no computador. Pq temos daily, grupos no teams e no whatsapp, de forma que fica tranquilo passar status de atividades.","Aqui no RJ é muito quente e algumas vezes o calor extremo me atrapalha e acho que o auxilio home office é insuficiente para cobrir os gastos de energia durante o trabalho. No entanto, ja trabalhei de coworking e o barulho do falatório das pessoas, a falta de um segundo monitor, como eu tenho em casa, e a possibilidade de tomar um banho depois do almoço e deitar um pouco pra descansar a coluna, compensam a conta alta de energia, sendo o trabalho em home office MUITO melhor, mesmo com algumas dificuldades."
2022/12/18 5:48:54 PM GMT-3,Sim,Sou uma pessoa desenvolvedora / programadora,Senior ou Experiente,"Sim, estou trabalhando remotamente",Não sou uma pessoa com deficiência,4,3,Azure boards,Nenhuma,Nenhuma,Nenhuma
2022/12/18 10:53:23 PM GMT-3,Sim,Sou analista de qualidade / testes,Junior ou Iniciante,"Sim, estou trabalhando remotamente","Sim, deficiência visual",5,5,Microsoft Planner;Jira,Nenhuma,Consigo atuar com tranquilidade,Eu não tenho nenhuma Não
2022/12/19 7:11:33 AM GMT-3,Sim,"Sou uma pessoa de produto (Product Owner, Product Manager, Business Analist, etc)",Senior ou Experiente,"Sim, estou trabalhando remotamente",Não sou uma pessoa com deficiência,5,5,Microsoft Planner;Planilha eletrônica,Excesso de reunião,Não tenho esse problema,"Estamos majoritariamente distribuídos em três estados SP, RJ e MG"
2022/12/19 8:33:43 AM GMT-3,Sim,Sou uma pessoa desenvolvedora / programadora,Pleno,"Sim, estou trabalhando remotamente",Não sou uma pessoa com deficiência,3,3,Microsoft Planner;Jira;Planilha eletrônica,"É preciso que haja comunicação constante, contudo minha área tem muita demanda técnica/execução, e isso por aí só tira o tempo das pessoas, tempo esse que geralmente usaríamos para interagirmos e atualizarmos a todos.","Sem dúvidas, a falta de tempo é uma delas. Acabo tendo que reportar tudo via texto/foto nas ferramentas de task management. Dessa forma, preciso escrever um texto perfeito e sem possibilidades de confusão ou segundos sentidos. Isso as vezes é ruim pois sempre há uma interpretação errada do que estou escrevendo, coisa que não aconteceria caso eu estivesse falando e ouvindo o feedback em tempo real, numa conversa normal.","Acredito que um ponto importante é a realização das reuniões periódicas, no formato da famosa ""daily"", pois elas por si só geralmente conseguem nos deixar 40-70% atualizados."
2022/12/19 9:09:26 AM GMT-3,Sim,Sou uma pessoa desenvolvedora / programadora,Junior ou Iniciante,"Sim, estou trabalhando remotamente","Sim, deficiência visual",4,3,Jira,a acessibilidade das ferramentas não é tão boa mas   da pra fazer,as reuniões já são suficientes,Não
2022/12/19 2:26:32 PM GMT-3,Sim,Sou uma pessoa desenvolvedora / programadora,Senior ou Experiente,"Sim, estou trabalhando remotamente","Sim, deficiência visual",5,4,Redmine,Não sinto dificuldade em relação a isso,Não sinto dificuldade em relação a isso,Não sinto qualquer outra dificuldade
2022/12/19 5:16:54 PM GMT-3,Sim,Advisory,Senior ou Experiente,"Sim, estou trabalhando remotamente",Não sou uma pessoa com deficiência,5,4,Planilha eletrônica,Disciplina das pessoas,Agendas que conflitam com a do cliente,Nao
2022/12/19 6:38:28 PM GMT-3,Sim,Gerente de contas,Senior ou Experiente,"Sim, estou trabalhando remotamente","Sim, deficiência auditiva",5,5,Planilha eletrônica,Excesso de informações,Retorno e/ou demora de outras pessoas sobre determinados pontos de projetos,Não
2022/12/20 10:44:22 AM GMT-3,Sim,Sou uma pessoa desenvolvedora / programadora,Junior ou Iniciante,"Sim, estou trabalhando remotamente","Sim, deficiência auditiva",4,3,Jira,legendas coerentes,legendas coerentes,"call muita extensa e foco na legenda, deixam eu com enxaqueca"
2022/12/20 10:55:28 AM GMT-3,Sim,Sou uma pessoa desenvolvedora / programadora,Junior ou Iniciante,"Sim, estou trabalhando remotamente","Sim, deficiência visual",5,5,Azure boards,Uso eventual ou desinformado de interface de pouca ou nenhuma acessibilidade,A proficiência adequada em inglês que se exige em um devteam,Ferramentas em código aberto com alguma acessibilidade se multiplicam e a integração de soluções tem se tornado uma boa área profissional
2022/12/20 11:08:57 AM GMT-3,Sim,Sou uma pessoa de informação e processos (arquiteta de processos e informação).,Pleno,"Sim, estou trabalhando remotamente","Sim, deficiência visual",5,5,"GitLab, Etherpad, Zulip",Temos uma dificuldade para estabelecer um ponto de verdade na nossa documentação. Estamos trabalhando nisso construindo uma cultura de documentação e consolidando funcionalidades no nosso sistema.,N/A,N/A
2022/12/20 11:56:43 AM GMT-3,Sim,Sou uma pessoa desenvolvedora / programadora,Pleno,"Sim, estou trabalhando remotamente","Sim, deficiência auditiva",4,4,gitlab,"reuniões longas e inefetivas, que demandam muita atenção e acabam cansando.",não tenho dificuldade para atualizar o time,não
2022/12/20 2:54:50 PM GMT-3,Sim,Sou uma pessoa desenvolvedora / programadora,Junior ou Iniciante,"Sim, estou trabalhando remotamente","Sim, deficiência visual",5,4,Microsoft Planner;Jira;Planilha eletrônica,Uma ou outra ferramenta/plataforma interna que não possui plenos recursos de acessibilidade.,Não tenho dificuldades nesse quesito.,Não. Única dificuldade é a que citei anteriormente.
2022/12/20 3:10:22 PM GMT-3,Sim,Sou uma pessoa desenvolvedora / programadora,Pleno,"Sim, estou trabalhando remotamente","Sim, deficiência visual",5,4,Planilha eletrônica;Ferramentas desenvolvidas internamente,"Sinto que levo mais tempo que os outros pra me situar nas ferramentas de gerenciamento, pra definir todos os filtros corretos. Também tenho dificuldade com os resumos, pois muitos deles são feitos de forma gráfica","Eu gasto um pouco mais de tempo pra encontrar o item correspondente às minhas atividades pra atualizar o status, mas nada que eu não consiga fazer, só demoro um pouco a mais","Meus colegas de trabalho são muito solícitos, muitas vezes eles mesmos atualizam o quadro de atividades pra mim pra que eu não gaste tanto tempo procurando. As conversas ajudam muito, pois sou deficiente visual, então é mais fácil só falar e ouvir do que acompanhar uma ferramenta.
Algumas planilhas são bem complexas, cheias de abas e ocupando vários espaços diferentes da folha, eu demoro bastante pra me localizar. Não fico impedido, mas uma pessoa sem deficiência visual opera a planilha bem mais rápido que eu"
2022/12/20 4:15:08 PM GMT-3,Sim,Sou uma pessoa desenvolvedora / programadora,Junior ou Iniciante,"Sim, estou trabalhando remotamente","Sim, deficiência visual",5,5,Planilha eletrônica;Trello,"Nenhuma, conversamos diariamente e todos estão alinhados.","Nenhuma, temos o canal da companhia para nos mantermos em constante comunicação.","Entendo que o HomeOffice é questão de adaptabilidade e de senso de pertencimento, ou seja, trabalhar em uma equipe que se comunica constantemente e preocupa com você, faz toda a diferença."
2022/12/20 4:59:15 PM GMT-3,Sim,Sou uma pessoa desenvolvedora / programadora,Junior ou Iniciante,"Sim, estou trabalhando remotamente","Sim, deficiência visual",5,5,Rally,Sem dificuldades.,Sem dificuldades.,não.
2022/12/21 9:08:13 AM GMT-3,Sim,Scrum Master,Pleno,"Sim, estou trabalhando remotamente",Não sou uma pessoa com deficiência,4,4,"Jira;Planilha eletrônica;Confluenfe, bitbucket, trello, discord",A disponibilidade do time para reuniões em um mesmo horário,"A dificuldade se dá por diferentes horários de trabalho dos membros do time, as Atualizações são feitas via JIRA, mas o membro do time nem sempre consegue ver imediatamente pois pode não estar em seu horário de trabalho.","No tranalho remoto a principal dificuldade enfrentada é conciliação de agendas, pois os membros do time trabalham em diferentes horarios )fugindo do padrão tradicional adotado no mercado presencial"
2022/12/21 9:31:59 AM GMT-3,Sim,Sou analista de qualidade / testes,Pleno,"Sim, estou trabalhando remotamente","Sim, deficiência visual",3,3,ShortCut,"O que me limita a ficar antenado são as ferramentas como Jira, ShortCut, trello e figma não serem acessíveis suficiente para dar independência e autonomia.",As dificuldades eu ter que usar planilhas sendo que o time utilizam ferramentas apropriadas.,"As comunicações serem 80% visuais, sendo transmitidas por imagens ou cores."
2022/12/21 2:21:24 PM GMT-3,Sim,Dev e QA,Pleno,"Sim, estou trabalhando remotamente","Sim, deficiência visual",4,3,Jira;Planilha eletrônica,"O jira nao e kuito intuitivo e nao tem modo escuro, o que no meu Caso nao ajuda muito",Jesse Caso nao vejo nenuuma,Textos Mal redigidos
2022/12/22 8:49:27 AM GMT-3,Sim,agile coach,Senior ou Experiente,"Sim, estou trabalhando remotamente","Sim, deficiência visual",5,3,Jira;miro,"o miro não é acessivel e muito conteúdo fica lá como em discovery, retrospectivas e outras tarefas de melhoria contínua que normalmente nam ficam no board principal do time de delivery","usar canais e equipes no teams, utilizar o miro como leitor e facilitador, adicionar tarefas de melhoria continua no jira, acompanhar graficos de desempenho no jira como burndown e outros (plugin do nav para kanban resolve o problema). Acompanhar metricas de produtos para priorização dentro da mesma ferramenta que o backlog do produto. muitas reuniões para sincronizar time de desenvolvimento e outras áreas.",em algumas facilitações o pessoal usa outras ferramentas não acessiveis como kahoot e outras ferramentas de gamification ou reunião onse os membros precisam ficar próximos para conversar ou afastar para não ouvirem conversas.
2022/12/22 9:30:08 AM GMT-3,Sim,Sou uma pessoa desenvolvedora / programadora,Pleno,"Sim, estou trabalhando remotamente","Sim, deficiência visual",4,4,Jira,Muita informação em muito pouco tempo. Reuniões uma atrás da outra.,Vergonha e insegurança.,Cansaço. Reuniões seguidas sem pausa acabam cansando mais e demandando mais esforço.
2022/12/22 2:23:52 PM GMT-3,Sim,Sou analista de qualidade / testes,Junior ou Iniciante,"Sim, estou trabalhando remotamente",Não sou uma pessoa com deficiência,3,3,Jira;Notion,"As pessoas muitas das vezes não ajudam, outras que estão começando.",Falta de empatia,Resiliência
2022/12/23 11:00:55 AM GMT-3,Sim,Sou uma pessoa desenvolvedora / programadora,Senior ou Experiente,"Sim, estou trabalhando remotamente",Não sou uma pessoa com deficiência,4,3,Jira;Azure boards;Planilha eletrônica,atualização e visualização de informações,dificuldade de manter todos conectados,trabalhar com ferramentas diferentes dispersa a atenção do time
2022/12/23 12:24:53 PM GMT-3,Sim,Sou uma pessoa desenvolvedora / programadora,Pleno,"Sim, estou trabalhando remotamente","Sim, deficiência auditiva",4,4,Planilha eletrônica,"Falta de comunicação, excesso de conteúdo em vídeo sem legenda",Sem dificuldades,não.
2022/12/24 7:53:12 PM GMT-3,Sim,Sou uma pessoa desenvolvedora / programadora,Junior ou Iniciante,"Sim, estou trabalhando remotamente",Não sou uma pessoa com deficiência,1,1,Jira,até o momento não senti dificuldades,até o momento não senti dificuldades,não